case_no,case_type,question_no,question,c_option,script_file,video_file_name,output_relative_path,status,source,role,tts_speed,raw_video_path,deliverable_video_path,actual_duration_seconds,video_codec,audio_codec,resolution,remark
1,直播艺人经纪,1,您主张双方存在主播/艺人经纪合作关系，请问双方是否形成了相应的合同或合作文件？,没有书面、电子或其他可核验的合同/合作文件，仅能说明曾有口头沟通或单方理解。,执行资料/正式脚本_反馈合并版/01_直播艺人经纪/q1_c.txt,01_直播艺人经纪_Q1_C.mp4,videos/final/01_直播艺人经纪/q1_c.mp4,质检通过,文档/游戏化立案项目视频文案题库_反馈合并版.md,男1_浩南-商务,1.0,videos/final/01_直播艺人经纪/q1_c.mp4,videos/deliverable/01_直播艺人经纪/q1_c.mp4,38.00,h264,aac,1080x1920,按第01批校对稿重跑；语速1.0；已叠加广仲logo；字幕按校对稿预断句。
1,直播艺人经纪,2,合同签订后，经纪机构是否实际启动了运营/孵化/演艺安排工作？,合同签订后经纪机构未实际开展任何运营、推广或演艺安排，几乎没有实质性履约行动。,执行资料/正式脚本_反馈合并版/01_直播艺人经纪/q2_c.txt,01_直播艺人经纪_Q2_C.mp4,videos/final/01_直播艺人经纪/q2_c.mp4,质检通过,文档/游戏化立案项目视频文案题库_反馈合并版.md,男1_浩南-商务,1.0,videos/final/01_直播艺人经纪/q2_c.mp4,videos/deliverable/01_直播艺人经纪/q2_c.mp4,32.92,h264,aac,1080x1920,按第01批校对稿重跑；语速1.0；已叠加广仲logo；字幕按校对稿预断句。
1,直播艺人经纪,3,您主张对方构成违约，具体违约事实是什么？,无法明确指出对方违反了哪项具体约定，主要是对分成结果、经纪效果或合作体验不满意。,执行资料/正式脚本_反馈合并版/01_直播艺人经纪/q3_c.txt,01_直播艺人经纪_Q3_C.mp4,videos/final/01_直播艺人经纪/q3_c.mp4,质检通过,文档/游戏化立案项目视频文案题库_反馈合并版.md,男1_浩南-商务,1.0,videos/final/01_直播艺人经纪/q3_c.mp4,videos/deliverable/01_直播艺人经纪/q3_c.mp4,40.32,h264,aac,1080x1920,按第01批校对稿重跑；修正经纪效果固定搭配断行；语速1.0；已叠加广仲logo。
1,直播艺人经纪,4,关于您主张的金额，是否有清晰的计算依据和证据支撑？,缺少关键证据，金额主要来自单方估算，难以证明具体损失或应付/应退金额。,执行资料/正式脚本_反馈合并版/01_直播艺人经纪/q4_c.txt,01_直播艺人经纪_Q4_C.mp4,videos/final/01_直播艺人经纪/q4_c.mp4,质检通过,文档/游戏化立案项目视频文案题库_反馈合并版.md,男1_浩南-商务,1.0,videos/final/01_直播艺人经纪/q4_c.mp4,videos/deliverable/01_直播艺人经纪/q4_c.mp4,38.87,h264,aac,1080x1920,按第01批校对稿重跑；语速1.0；已叠加广仲logo；字幕按校对稿预断句。
2,电商代运营,1,您主张双方存在电商代运营关系，请问双方是否形成了相应的合同或合作文件？,没有书面、电子或其他可核验的合同/合作文件，仅能说明曾有口头沟通或单方理解。,执行资料/正式脚本_反馈合并版/02_电商代运营/q1_c.txt,02_电商代运营_Q1_C.mp4,videos/final/02_电商代运营/q1_c.mp4,质检通过,文档/游戏化立案项目视频文案题库_反馈合并版.md,女1_婉玟-商务,1.0,videos/final/02_电商代运营/q1_c.mp4,videos/deliverable/02_电商代运营/q1_c.mp4,40.23,h264,aac,1080x1920,按第01批校对稿重跑；语速1.0；已叠加广仲logo；字幕按校对稿预断句。
2,电商代运营,2,合同签订后，代运营方是否实际开始了店铺运营工作？,合同签订后代运营方未实际接手店铺或开展运营，无任何可查证的运营行为。,执行资料/正式脚本_反馈合并版/02_电商代运营/q2_c.txt,02_电商代运营_Q2_C.mp4,videos/final/02_电商代运营/q2_c.mp4,质检通过,文档/游戏化立案项目视频文案题库_反馈合并版.md,女1_婉玟-商务,1.0,videos/final/02_电商代运营/q2_c.mp4,videos/deliverable/02_电商代运营/q2_c.mp4,38.23,h264,aac,1080x1920,按第01批校对稿重跑；语速1.0；已叠加广仲logo；字幕按校对稿预断句。
2,电商代运营,3,您主张对方构成违约，具体违约事实是什么？,无法明确指出对方违反了哪项具体约定，主要是对销售业绩或运营结果不满意。,执行资料/正式脚本_反馈合并版/02_电商代运营/q3_c.txt,02_电商代运营_Q3_C.mp4,videos/final/02_电商代运营/q3_c.mp4,质检通过,文档/游戏化立案项目视频文案题库_反馈合并版.md,女1_婉玟-商务,1.0,videos/final/02_电商代运营/q3_c.mp4,videos/deliverable/02_电商代运营/q3_c.mp4,37.12,h264,aac,1080x1920,按第01批校对稿重跑；语速1.0；已叠加广仲logo；字幕按校对稿预断句。
2,电商代运营,4,关于您主张的金额，是否有清晰的计算依据和证据支撑？,缺少关键证据，金额主要来自单方估算，难以证明具体损失或应退金额。,执行资料/正式脚本_反馈合并版/02_电商代运营/q4_c.txt,02_电商代运营_Q4_C.mp4,videos/final/02_电商代运营/q4_c.mp4,质检通过,文档/游戏化立案项目视频文案题库_反馈合并版.md,女1_婉玟-商务,1.0,videos/final/02_电商代运营/q4_c.mp4,videos/deliverable/02_电商代运营/q4_c.mp4,38.78,h264,aac,1080x1920,按第01批校对稿重跑；语速1.0；已叠加广仲logo；字幕按校对稿预断句。
3,游戏网络服务,1,您主张双方存在游戏网络服务关系，请问双方是否形成了相应的合同或合作文件？,没有任何书面或电子凭证，仅能说明曾有口头沟通，充值或交付行为无法核实。,执行资料/正式脚本_反馈合并版/03_游戏网络服务/q1_c.txt,03_游戏网络服务_Q1_C.mp4,videos/final/03_游戏网络服务/q1_c.mp4,质检通过,文档/游戏化立案项目视频文案题库_反馈合并版.md,男2_王浩-正式,1.0,videos/final/03_游戏网络服务/q1_c.mp4,videos/deliverable/03_游戏网络服务/q1_c.mp4,43.11,h264,aac,1080x1920,按第01批校对稿重跑；语速1.0；已叠加广仲logo；字幕按校对稿预断句。
3,游戏网络服务,2,双方对游戏网络服务的关键条款是否约定清楚？,未约定服务的具体内容、账号归属或退款条件，双方对核心权利义务均无明确书面约定。,执行资料/正式脚本_反馈合并版/03_游戏网络服务/q2_c.txt,03_游戏网络服务_Q2_C.mp4,videos/final/03_游戏网络服务/q2_c.mp4,质检通过,文档/游戏化立案项目视频文案题库_反馈合并版.md,男2_王浩-正式,1.0,videos/final/03_游戏网络服务/q2_c.mp4,videos/deliverable/03_游戏网络服务/q2_c.mp4,44.71,h264,aac,1080x1920,按第01批校对稿重跑；语速1.0；已叠加广仲logo；字幕按校对稿预断句。
3,游戏网络服务,3,合同签订后，网络服务/账号/授权是否实际交付并开始使用？,合同签订后服务/账号从未实际交付或开通，始终处于待激活或无法使用状态。,执行资料/正式脚本_反馈合并版/03_游戏网络服务/q3_c.txt,03_游戏网络服务_Q3_C.mp4,videos/final/03_游戏网络服务/q3_c.mp4,质检通过,文档/游戏化立案项目视频文案题库_反馈合并版.md,男2_王浩-正式,1.0,videos/final/03_游戏网络服务/q3_c.mp4,videos/deliverable/03_游戏网络服务/q3_c.mp4,43.99,h264,aac,1080x1920,按第01批校对稿重跑；语速1.0；已叠加广仲logo；字幕按校对稿预断句。
3,游戏网络服务,4,您主张对方构成违约，具体违约事实是什么？,无法明确指出对方违反了哪项具体约定，主要是对游戏体验或虚拟权益效果不满意。,执行资料/正式脚本_反馈合并版/03_游戏网络服务/q4_c.txt,03_游戏网络服务_Q4_C.mp4,videos/final/03_游戏网络服务/q4_c.mp4,质检通过,文档/游戏化立案项目视频文案题库_反馈合并版.md,男2_王浩-正式,1.0,videos/final/03_游戏网络服务/q4_c.mp4,videos/deliverable/03_游戏网络服务/q4_c.mp4,40.80,h264,aac,1080x1920,按第01批校对稿重跑；语速1.0；已叠加广仲logo；字幕按校对稿预断句。
3,游戏网络服务,5,关于您主张的金额，是否有清晰的计算依据和证据支撑？,缺少关键证据，金额主要来自单方估算，难以证明具体损失或应退金额。,执行资料/正式脚本_反馈合并版/03_游戏网络服务/q5_c.txt,03_游戏网络服务_Q5_C.mp4,videos/final/03_游戏网络服务/q5_c.mp4,质检通过,文档/游戏化立案项目视频文案题库_反馈合并版.md,男2_王浩-正式,1.0,videos/final/03_游戏网络服务/q5_c.mp4,videos/deliverable/03_游戏网络服务/q5_c.mp4,40.43,h264,aac,1080x1920,按第01批校对稿重跑；语速1.0；已叠加广仲logo；字幕按校对稿预断句。
4,建材供应,1,您主张双方存在建材供应关系，请问双方是否形成了相应的合同或合作文件？,没有任何书面或电子凭证，仅能说明曾有口头商谈，供货数量和价格均无可核验依据。,执行资料/正式脚本_反馈合并版/04_建材供应/q1_c.txt,04_建材供应_Q1_C.mp4,videos/final/04_建材供应/q1_c.mp4,质检通过,文档/游戏化立案项目视频文案题库_反馈合并版.md,女2_雅瑛-知性,1.0,videos/final/04_建材供应/q1_c.mp4,videos/deliverable/04_建材供应/q1_c.mp4,39.36,h264,aac,1080x1920,按第01批校对稿重跑；语速1.0；已叠加广仲logo；字幕按校对稿预断句。
4,建材供应,2,双方对建材供应的关键条款是否约定清楚？,未约定材料品种规格、验收标准或货款支付条件，双方对供货的核心权利义务均无明确书面约定。,执行资料/正式脚本_反馈合并版/04_建材供应/q2_c.txt,04_建材供应_Q2_C.mp4,videos/final/04_建材供应/q2_c.mp4,质检通过,文档/游戏化立案项目视频文案题库_反馈合并版.md,女2_雅瑛-知性,1.0,videos/final/04_建材供应/q2_c.mp4,videos/deliverable/04_建材供应/q2_c.mp4,42.56,h264,aac,1080x1920,按第01批校对稿重跑；语速1.0；已叠加广仲logo；字幕按校对稿预断句。
4,建材供应,3,合同签订后，建材实际发货/交付情况如何？,合同签订后供应方未实际发货，建材从未到达工地或指定收货地点。,执行资料/正式脚本_反馈合并版/04_建材供应/q3_c.txt,04_建材供应_Q3_C.mp4,videos/final/04_建材供应/q3_c.mp4,质检通过,文档/游戏化立案项目视频文案题库_反馈合并版.md,女2_雅瑛-知性,1.0,videos/final/04_建材供应/q3_c.mp4,videos/deliverable/04_建材供应/q3_c.mp4,39.04,h264,aac,1080x1920,按第01批校对稿重跑；语速1.0；已叠加广仲logo；字幕按校对稿预断句。
4,建材供应,4,您主张对方构成违约，具体违约事实是什么？,无法明确指出对方违反了哪项具体约定，主要是对材料价格或结算金额有异议。,执行资料/正式脚本_反馈合并版/04_建材供应/q4_c.txt,04_建材供应_Q4_C.mp4,videos/final/04_建材供应/q4_c.mp4,质检通过,文档/游戏化立案项目视频文案题库_反馈合并版.md,女2_雅瑛-知性,1.0,videos/final/04_建材供应/q4_c.mp4,videos/deliverable/04_建材供应/q4_c.mp4,40.47,h264,aac,1080x1920,按第01批校对稿重跑；语速1.0；已叠加广仲logo；字幕按校对稿预断句。
4,建材供应,5,关于您主张的货款金额，是否有清晰的计算依据和证据支撑？,缺少签收或对账凭证，货款金额主要来自单方统计，难以证明已实际供货数量和应付总额。,执行资料/正式脚本_反馈合并版/04_建材供应/q5_c.txt,04_建材供应_Q5_C.mp4,videos/final/04_建材供应/q5_c.mp4,质检通过,文档/游戏化立案项目视频文案题库_反馈合并版.md,女2_雅瑛-知性,1.0,videos/final/04_建材供应/q5_c.mp4,videos/deliverable/04_建材供应/q5_c.mp4,40.87,h264,aac,1080x1920,按第01批校对稿重跑；语速1.0；已叠加广仲logo；字幕按校对稿预断句。
5,工程专业服务,1,您主张双方存在工程专业服务关系，请问双方是否形成了相应的合同或合作文件？,没有书面或电子合同，仅能说明曾有口头委托，服务范围和报酬均无可核验依据。,执行资料/正式脚本_反馈合并版/05_工程专业服务/q1_c.txt,05_工程专业服务_Q1_C.mp4,videos/final/05_工程专业服务/q1_c.mp4,质检通过,文档/游戏化立案项目视频文案题库_反馈合并版.md,男1_浩南-商务,1.0,videos/final/05_工程专业服务/q1_c.mp4,videos/deliverable/05_工程专业服务/q1_c.mp4,39.10,h264,aac,1080x1920,按第01批校对稿重跑；语速1.0；已叠加广仲logo；字幕按校对稿预断句。
5,工程专业服务,2,双方对工程专业服务的关键条款是否约定清楚？,未约定具体服务内容、成果交付标准或报酬支付条件，双方对核心权利义务均无明确书面约定。,执行资料/正式脚本_反馈合并版/05_工程专业服务/q2_c.txt,05_工程专业服务_Q2_C.mp4,videos/final/05_工程专业服务/q2_c.mp4,质检通过,文档/游戏化立案项目视频文案题库_反馈合并版.md,男1_浩南-商务,1.0,videos/final/05_工程专业服务/q2_c.mp4,videos/deliverable/05_工程专业服务/q2_c.mp4,40.00,h264,aac,1080x1920,按第01批校对稿重跑；语速1.0；已叠加广仲logo；字幕按校对稿预断句。
5,工程专业服务,3,合同签订后，专业服务（勘察/设计/监理等）是否实际启动？,合同签订后专业服务方未实际进场或启动工作，无任何可验证的服务行为。,执行资料/正式脚本_反馈合并版/05_工程专业服务/q3_c.txt,05_工程专业服务_Q3_C.mp4,videos/final/05_工程专业服务/q3_c.mp4,质检通过,文档/游戏化立案项目视频文案题库_反馈合并版.md,男1_浩南-商务,1.0,videos/final/05_工程专业服务/q3_c.mp4,videos/deliverable/05_工程专业服务/q3_c.mp4,36.80,h264,aac,1080x1920,按第01批校对稿重跑；语速1.0；已叠加广仲logo；字幕按校对稿预断句。
5,工程专业服务,4,您主张对方构成违约，具体违约事实是什么？,无法明确指出对方违反了哪项具体约定，主要是对服务效果或成果应用结果不满意。,执行资料/正式脚本_反馈合并版/05_工程专业服务/q4_c.txt,05_工程专业服务_Q4_C.mp4,videos/final/05_工程专业服务/q4_c.mp4,质检通过,文档/游戏化立案项目视频文案题库_反馈合并版.md,男1_浩南-商务,1.0,videos/final/05_工程专业服务/q4_c.mp4,videos/deliverable/05_工程专业服务/q4_c.mp4,35.90,h264,aac,1080x1920,按第01批校对稿重跑；语速1.0；已叠加广仲logo；字幕按校对稿预断句。
5,工程专业服务,5,关于您主张的服务费金额，是否有清晰的计算依据和证据支撑？,缺少成果交付或服务完成的证明材料，服务费金额主要来自单方主张，难以核实已完成工作量。,执行资料/正式脚本_反馈合并版/05_工程专业服务/q5_c.txt,05_工程专业服务_Q5_C.mp4,videos/final/05_工程专业服务/q5_c.mp4,质检通过,文档/游戏化立案项目视频文案题库_反馈合并版.md,男1_浩南-商务,1.0,videos/final/05_工程专业服务/q5_c.mp4,videos/deliverable/05_工程专业服务/q5_c.mp4,40.00,h264,aac,1080x1920,按第01批校对稿重跑；语速1.0；已叠加广仲logo；字幕按校对稿预断句。
6,工程设备租赁,1,您主张双方存在工程设备租赁关系，请问双方是否形成了相应的合同或合作文件？,没有书面或电子合同，仅能说明曾有口头约定，设备租期和租金均无可核验依据。,执行资料/正式脚本_反馈合并版/06_工程设备租赁/q1_c.txt,06_工程设备租赁_Q1_C.mp4,videos/final/06_工程设备租赁/q1_c.mp4,质检通过,文档/游戏化立案项目视频文案题库_反馈合并版.md,女1_婉玟-商务,1.0,videos/final/06_工程设备租赁/q1_c.mp4,videos/deliverable/06_工程设备租赁/q1_c.mp4,44.71,h264,aac,1080x1920,按第01批校对稿重跑；语速1.0；已叠加广仲logo；字幕按校对稿预断句。
6,工程设备租赁,2,双方对工程设备租赁的关键条款是否约定清楚？,未约定设备型号、租期计算方式或损耗赔偿条款，双方对核心权利义务均无明确书面约定。,执行资料/正式脚本_反馈合并版/06_工程设备租赁/q2_c.txt,06_工程设备租赁_Q2_C.mp4,videos/final/06_工程设备租赁/q2_c.mp4,质检通过,文档/游戏化立案项目视频文案题库_反馈合并版.md,女1_婉玟-商务,1.0,videos/final/06_工程设备租赁/q2_c.mp4,videos/deliverable/06_工程设备租赁/q2_c.mp4,45.91,h264,aac,1080x1920,按第01批校对稿重跑；语速1.0；已叠加广仲logo；字幕按校对稿预断句。
6,工程设备租赁,3,合同签订后，租赁设备是否实际交付并投入使用？,合同签订后设备从未实际交付到场，始终处于未到位状态。,执行资料/正式脚本_反馈合并版/06_工程设备租赁/q3_c.txt,06_工程设备租赁_Q3_C.mp4,videos/final/06_工程设备租赁/q3_c.mp4,质检通过,文档/游戏化立案项目视频文案题库_反馈合并版.md,女1_婉玟-商务,1.0,videos/final/06_工程设备租赁/q3_c.mp4,videos/deliverable/06_工程设备租赁/q3_c.mp4,44.22,h264,aac,1080x1920,按第01批校对稿重跑；语速1.0；已叠加广仲logo；字幕按校对稿预断句。
6,工程设备租赁,4,您主张对方构成违约，具体违约事实是什么？,无法明确指出对方违反了哪项具体约定，主要是对租金计算方式或设备折旧认定有异议。,执行资料/正式脚本_反馈合并版/06_工程设备租赁/q4_c.txt,06_工程设备租赁_Q4_C.mp4,videos/final/06_工程设备租赁/q4_c.mp4,质检通过,文档/游戏化立案项目视频文案题库_反馈合并版.md,女1_婉玟-商务,1.0,videos/final/06_工程设备租赁/q4_c.mp4,videos/deliverable/06_工程设备租赁/q4_c.mp4,43.90,h264,aac,1080x1920,按第01批校对稿重跑；语速1.0；已叠加广仲logo；字幕按校对稿预断句。
6,工程设备租赁,5,关于您主张的租金或赔偿金额，是否有清晰的计算依据和证据支撑？,缺少台班记录或损耗凭证，租金或赔偿金额主要来自单方统计，难以核实。,执行资料/正式脚本_反馈合并版/06_工程设备租赁/q5_c.txt,06_工程设备租赁_Q5_C.mp4,videos/final/06_工程设备租赁/q5_c.mp4,质检通过,文档/游戏化立案项目视频文案题库_反馈合并版.md,女1_婉玟-商务,1.0,videos/final/06_工程设备租赁/q5_c.mp4,videos/deliverable/06_工程设备租赁/q5_c.mp4,41.66,h264,aac,1080x1920,按第01批校对稿重跑；语速1.0；已叠加广仲logo；字幕按校对稿预断句。
7,商业装修工程,1,您主张双方存在商业装修工程关系，请问双方是否形成了相应的合同或合作文件？,没有书面或电子合同，仅能说明曾有口头约定，装修范围和价格均无可核验依据。,执行资料/正式脚本_反馈合并版/07_商业装修工程/q1_c.txt,07_商业装修工程_Q1_C.mp4,videos/final/07_商业装修工程/q1_c.mp4,质检通过,文档/游戏化立案项目视频文案题库_反馈合并版.md,男2_王浩-正式,1.0,videos/final/07_商业装修工程/q1_c.mp4,videos/deliverable/07_商业装修工程/q1_c.mp4,38.42,h264,aac,1080x1920,按第01批校对稿重跑；语速1.0；已叠加广仲logo；字幕按校对稿预断句。
7,商业装修工程,2,双方对商业装修工程的关键条款是否约定清楚？,未约定装修范围图纸、材料标准或付款节点，双方对工程核心权利义务均无明确书面约定。,执行资料/正式脚本_反馈合并版/07_商业装修工程/q2_c.txt,07_商业装修工程_Q2_C.mp4,videos/final/07_商业装修工程/q2_c.mp4,质检通过,文档/游戏化立案项目视频文案题库_反馈合并版.md,男2_王浩-正式,1.0,videos/final/07_商业装修工程/q2_c.mp4,videos/deliverable/07_商业装修工程/q2_c.mp4,40.92,h264,aac,1080x1920,按第01批校对稿重跑；语速1.0；已叠加广仲logo；字幕按校对稿预断句。
7,商业装修工程,3,合同签订后，装修工程实际进场施工情况如何？,合同签订后装修方未实际进场施工，工地始终处于未开工状态。,执行资料/正式脚本_反馈合并版/07_商业装修工程/q3_c.txt,07_商业装修工程_Q3_C.mp4,videos/final/07_商业装修工程/q3_c.mp4,质检通过,文档/游戏化立案项目视频文案题库_反馈合并版.md,男2_王浩-正式,1.0,videos/final/07_商业装修工程/q3_c.mp4,videos/deliverable/07_商业装修工程/q3_c.mp4,37.14,h264,aac,1080x1920,按第01批校对稿重跑；语速1.0；已叠加广仲logo；字幕按校对稿预断句。
7,商业装修工程,4,您主张对方构成违约，具体违约事实是什么？,无法明确指出对方违反了哪项具体约定，主要是对装修效果或最终结算金额有异议。,执行资料/正式脚本_反馈合并版/07_商业装修工程/q4_c.txt,07_商业装修工程_Q4_C.mp4,videos/final/07_商业装修工程/q4_c.mp4,质检通过,文档/游戏化立案项目视频文案题库_反馈合并版.md,男2_王浩-正式,1.0,videos/final/07_商业装修工程/q4_c.mp4,videos/deliverable/07_商业装修工程/q4_c.mp4,41.92,h264,aac,1080x1920,按第01批校对稿重跑；语速1.0；已叠加广仲logo；字幕按校对稿预断句。
7,商业装修工程,5,关于您主张的工程款金额，是否有清晰的计算依据和证据支撑？,缺少验收记录或增减项凭证，工程款金额主要来自单方统计，难以核实已完成工程量。,执行资料/正式脚本_反馈合并版/07_商业装修工程/q5_c.txt,07_商业装修工程_Q5_C.mp4,videos/final/07_商业装修工程/q5_c.mp4,质检通过,文档/游戏化立案项目视频文案题库_反馈合并版.md,男2_王浩-正式,1.0,videos/final/07_商业装修工程/q5_c.mp4,videos/deliverable/07_商业装修工程/q5_c.mp4,39.91,h264,aac,1080x1920,按第01批校对稿重跑；语速1.0；已叠加广仲logo；字幕按校对稿预断句。
8,园林绿化工程,1,您主张双方存在园林绿化工程关系，请问双方是否形成了相应的合同或合作文件？,没有书面或电子合同，仅能说明曾有口头约定，种植范围和价格均无可核验依据。,执行资料/正式脚本_反馈合并版/08_园林绿化工程/q1_c.txt,08_园林绿化工程_Q1_C.mp4,videos/final/08_园林绿化工程/q1_c.mp4,质检通过,文档/游戏化立案项目视频文案题库_反馈合并版.md,女2_雅瑛-知性,1.0,videos/final/08_园林绿化工程/q1_c.mp4,videos/deliverable/08_园林绿化工程/q1_c.mp4,40.32,h264,aac,1080x1920,按第01批校对稿重跑；语速1.0；已叠加广仲logo；字幕按校对稿预断句。
8,园林绿化工程,2,双方对园林绿化工程的关键条款是否约定清楚？,未约定绿化品种规格、成活率标准或养护周期，双方对工程核心权利义务均无明确书面约定。,执行资料/正式脚本_反馈合并版/08_园林绿化工程/q2_c.txt,08_园林绿化工程_Q2_C.mp4,videos/final/08_园林绿化工程/q2_c.mp4,质检通过,文档/游戏化立案项目视频文案题库_反馈合并版.md,女2_雅瑛-知性,1.0,videos/final/08_园林绿化工程/q2_c.mp4,videos/deliverable/08_园林绿化工程/q2_c.mp4,41.43,h264,aac,1080x1920,按第01批校对稿重跑；语速1.0；已叠加广仲logo；字幕按校对稿预断句。
8,园林绿化工程,3,合同签订后，绿化工程是否实际进场施工？,合同签订后施工方未实际进场，绿化工程始终处于未开工状态。,执行资料/正式脚本_反馈合并版/08_园林绿化工程/q3_c.txt,08_园林绿化工程_Q3_C.mp4,videos/final/08_园林绿化工程/q3_c.mp4,质检通过,文档/游戏化立案项目视频文案题库_反馈合并版.md,女2_雅瑛-知性,1.0,videos/final/08_园林绿化工程/q3_c.mp4,videos/deliverable/08_园林绿化工程/q3_c.mp4,36.76,h264,aac,1080x1920,按第01批校对稿重跑；语速1.0；已叠加广仲logo；字幕按校对稿预断句。
8,园林绿化工程,4,您主张对方构成违约，具体违约事实是什么？,无法明确指出对方违反了哪项具体约定，主要是对绿化效果或最终结算金额有异议。,执行资料/正式脚本_反馈合并版/08_园林绿化工程/q4_c.txt,08_园林绿化工程_Q4_C.mp4,videos/final/08_园林绿化工程/q4_c.mp4,质检通过,文档/游戏化立案项目视频文案题库_反馈合并版.md,女2_雅瑛-知性,1.0,videos/final/08_园林绿化工程/q4_c.mp4,videos/deliverable/08_园林绿化工程/q4_c.mp4,38.00,h264,aac,1080x1920,按第01批校对稿重跑；语速1.0；已叠加广仲logo；字幕按校对稿预断句。
8,园林绿化工程,5,关于您主张的工程款或养护费金额，是否有清晰的计算依据和证据支撑？,缺少验收记录或养护日志，款项金额主要来自单方统计，难以核实已完成工程量。,执行资料/正式脚本_反馈合并版/08_园林绿化工程/q5_c.txt,08_园林绿化工程_Q5_C.mp4,videos/final/08_园林绿化工程/q5_c.mp4,质检通过,文档/游戏化立案项目视频文案题库_反馈合并版.md,女2_雅瑛-知性,1.0,videos/final/08_园林绿化工程/q5_c.mp4,videos/deliverable/08_园林绿化工程/q5_c.mp4,40.15,h264,aac,1080x1920,按第01批校对稿重跑；语速1.0；已叠加广仲logo；字幕按校对稿预断句。
9,住宅装修工程,1,您主张双方存在住宅装修工程关系，请问双方是否形成了相应的合同或合作文件？,没有书面或电子合同，仅能说明曾有口头约定，装修范围和价格均无可核验依据。,执行资料/正式脚本_反馈合并版/09_住宅装修工程/q1_c.txt,09_住宅装修工程_Q1_C.mp4,videos/final/09_住宅装修工程/q1_c.mp4,质检通过,文档/游戏化立案项目视频文案题库_反馈合并版.md,男1_浩南-商务,1.0,videos/final/09_住宅装修工程/q1_c.mp4,videos/deliverable/09_住宅装修工程/q1_c.mp4,43.20,h264,aac,1080x1920,按第01批校对稿重跑；语速1.0；已叠加广仲logo；字幕按校对稿预断句。
9,住宅装修工程,2,双方对住宅装修工程的关键条款是否约定清楚？,未约定装修方案图纸、材料标准或付款节点，双方对工程核心权利义务均无明确书面约定。,执行资料/正式脚本_反馈合并版/09_住宅装修工程/q2_c.txt,09_住宅装修工程_Q2_C.mp4,videos/final/09_住宅装修工程/q2_c.mp4,质检通过,文档/游戏化立案项目视频文案题库_反馈合并版.md,男1_浩南-商务,1.0,videos/final/09_住宅装修工程/q2_c.mp4,videos/deliverable/09_住宅装修工程/q2_c.mp4,44.31,h264,aac,1080x1920,按第01批校对稿重跑；语速1.0；已叠加广仲logo；字幕按校对稿预断句。
9,住宅装修工程,3,合同签订后，住宅装修实际进场施工情况如何？,合同签订后装修方未实际进场施工，房屋始终处于未开工状态。,执行资料/正式脚本_反馈合并版/09_住宅装修工程/q3_c.txt,09_住宅装修工程_Q3_C.mp4,videos/final/09_住宅装修工程/q3_c.mp4,质检通过,文档/游戏化立案项目视频文案题库_反馈合并版.md,男1_浩南-商务,1.0,videos/final/09_住宅装修工程/q3_c.mp4,videos/deliverable/09_住宅装修工程/q3_c.mp4,43.20,h264,aac,1080x1920,按第01批校对稿重跑；语速1.0；已叠加广仲logo；字幕按校对稿预断句。
9,住宅装修工程,4,您主张对方构成违约，具体违约事实是什么？,无法明确指出对方违反了哪项具体约定，主要是对装修效果或最终结算金额有异议。,执行资料/正式脚本_反馈合并版/09_住宅装修工程/q4_c.txt,09_住宅装修工程_Q4_C.mp4,videos/final/09_住宅装修工程/q4_c.mp4,质检通过,文档/游戏化立案项目视频文案题库_反馈合并版.md,男1_浩南-商务,1.0,videos/final/09_住宅装修工程/q4_c.mp4,videos/deliverable/09_住宅装修工程/q4_c.mp4,41.66,h264,aac,1080x1920,按第01批校对稿重跑；语速1.0；已叠加广仲logo；字幕按校对稿预断句。
9,住宅装修工程,5,关于您主张的工程款金额，是否有清晰的计算依据和证据支撑？,缺少验收记录或增减项凭证，工程款金额主要来自单方统计，难以核实已完成工程量。,执行资料/正式脚本_反馈合并版/09_住宅装修工程/q5_c.txt,09_住宅装修工程_Q5_C.mp4,videos/final/09_住宅装修工程/q5_c.mp4,质检通过,文档/游戏化立案项目视频文案题库_反馈合并版.md,男1_浩南-商务,1.0,videos/final/09_住宅装修工程/q5_c.mp4,videos/deliverable/09_住宅装修工程/q5_c.mp4,40.38,h264,aac,1080x1920,按第01批校对稿重跑；语速1.0；已叠加广仲logo；字幕按校对稿预断句。
10,商业房产租赁,1,您主张双方存在商业房产租赁关系，请问双方是否形成了相应的合同或合作文件？,没有书面或电子合同，仅能说明曾有口头约定，租金标准和租期均无可核验依据。,执行资料/正式脚本_反馈合并版/10_商业房产租赁/q1_c.txt,10_商业房产租赁_Q1_C.mp4,videos/final/10_商业房产租赁/q1_c.mp4,质检通过,文档/游戏化立案项目视频文案题库_反馈合并版.md,女1_婉玟-商务,1.0,videos/final/10_商业房产租赁/q1_c.mp4,videos/deliverable/10_商业房产租赁/q1_c.mp4,39.19,h264,aac,1080x1920,按第01批校对稿重跑；语速1.0；已叠加广仲logo；字幕按校对稿预断句。
10,商业房产租赁,2,双方对商业房产租赁的关键条款是否约定清楚？,未约定租期、租金调整或押金退还条件，双方对租赁核心权利义务均无明确书面约定。,执行资料/正式脚本_反馈合并版/10_商业房产租赁/q2_c.txt,10_商业房产租赁_Q2_C.mp4,videos/final/10_商业房产租赁/q2_c.mp4,质检通过,文档/游戏化立案项目视频文案题库_反馈合并版.md,女1_婉玟-商务,1.0,videos/final/10_商业房产租赁/q2_c.mp4,videos/deliverable/10_商业房产租赁/q2_c.mp4,42.94,h264,aac,1080x1920,按第01批校对稿重跑；语速1.0；已叠加广仲logo；字幕按校对稿预断句。
10,商业房产租赁,3,合同签订后，房产是否实际交付承租方使用？,合同签订后出租方未实际交付房产，房屋始终未移交给承租方使用。,执行资料/正式脚本_反馈合并版/10_商业房产租赁/q3_c.txt,10_商业房产租赁_Q3_C.mp4,videos/final/10_商业房产租赁/q3_c.mp4,质检通过,文档/游戏化立案项目视频文案题库_反馈合并版.md,女1_婉玟-商务,1.0,videos/final/10_商业房产租赁/q3_c.mp4,videos/deliverable/10_商业房产租赁/q3_c.mp4,39.42,h264,aac,1080x1920,按第01批校对稿重跑；语速1.0；已叠加广仲logo；字幕按校对稿预断句。
10,商业房产租赁,4,您主张对方构成违约，具体违约事实是什么？,无法明确指出对方违反了哪项具体约定，主要是对租金调整或费用分担有异议。,执行资料/正式脚本_反馈合并版/10_商业房产租赁/q4_c.txt,10_商业房产租赁_Q4_C.mp4,videos/final/10_商业房产租赁/q4_c.mp4,质检通过,文档/游戏化立案项目视频文案题库_反馈合并版.md,女1_婉玟-商务,1.0,videos/final/10_商业房产租赁/q4_c.mp4,videos/deliverable/10_商业房产租赁/q4_c.mp4,41.02,h264,aac,1080x1920,按第01批校对稿重跑；语速1.0；已叠加广仲logo；字幕按校对稿预断句。
10,商业房产租赁,5,关于您主张的租金或押金金额，是否有清晰的计算依据和证据支撑？,缺少付款记录或交接凭证，租金或押金金额主要来自单方主张，难以核实。,执行资料/正式脚本_反馈合并版/10_商业房产租赁/q5_c.txt,10_商业房产租赁_Q5_C.mp4,videos/final/10_商业房产租赁/q5_c.mp4,质检通过,文档/游戏化立案项目视频文案题库_反馈合并版.md,女1_婉玟-商务,1.0,videos/final/10_商业房产租赁/q5_c.mp4,videos/deliverable/10_商业房产租赁/q5_c.mp4,39.91,h264,aac,1080x1920,按第01批校对稿重跑；语速1.0；已叠加广仲logo；字幕按校对稿预断句。
11,物业管理,1,您主张双方存在物业管理关系，请问双方是否形成了相应的合同或合作文件？,没有书面或电子合同，或仅曾有口头约定，也即物业费标准和服务内容均无可直接查验依据。,执行资料/正式脚本_反馈合并版/11_物业管理/q1_c.txt,11_物业管理_Q1_C.mp4,videos/final/11_物业管理/q1_c.mp4,质检通过,文档/游戏化立案项目视频文案题库_反馈合并版.md,男2_王浩-正式,1.0,videos/final/11_物业管理/q1_c.mp4,videos/deliverable/11_物业管理/q1_c.mp4,39.27,h264,aac,1080x1920,按第01批校对稿重跑；语速1.0；已叠加广仲logo；字幕按校对稿预断句。
11,物业管理,2,双方对物业管理的关键条款是否约定清楚？,未约定服务范围标准、物业费收费依据或违约责任，也即双方对物业管理核心权利义务均无明确书面约定。,执行资料/正式脚本_反馈合并版/11_物业管理/q2_c.txt,11_物业管理_Q2_C.mp4,videos/final/11_物业管理/q2_c.mp4,质检通过,文档/游戏化立案项目视频文案题库_反馈合并版.md,男2_王浩-正式,1.0,videos/final/11_物业管理/q2_c.mp4,videos/deliverable/11_物业管理/q2_c.mp4,39.32,h264,aac,1080x1920,按第01批校对稿重跑；语速1.0；已叠加广仲logo；字幕按校对稿预断句。
11,物业管理,3,合同签订后，物业公司是否实际进场并开始提供服务？,合同签订后物业方从未实际进场提供服务，小区/楼宇处于无物业管理状态。,执行资料/正式脚本_反馈合并版/11_物业管理/q3_c.txt,11_物业管理_Q3_C.mp4,videos/final/11_物业管理/q3_c.mp4,质检通过,文档/游戏化立案项目视频文案题库_反馈合并版.md,男2_王浩-正式,1.0,videos/final/11_物业管理/q3_c.mp4,videos/deliverable/11_物业管理/q3_c.mp4,33.56,h264,aac,1080x1920,按第01批校对稿重跑；语速1.0；已叠加广仲logo；字幕按校对稿预断句。
11,物业管理,4,您主张对方构成违约，具体违约事实是什么？,无法明确指出对方违反了哪项具体约定，主要是对物业服务质量或费用分摊有异议。,执行资料/正式脚本_反馈合并版/11_物业管理/q4_c.txt,11_物业管理_Q4_C.mp4,videos/final/11_物业管理/q4_c.mp4,质检通过,文档/游戏化立案项目视频文案题库_反馈合并版.md,男2_王浩-正式,1.0,videos/final/11_物业管理/q4_c.mp4,videos/deliverable/11_物业管理/q4_c.mp4,33.75,h264,aac,1080x1920,按第01批校对稿重跑；语速1.0；已叠加广仲logo；字幕按校对稿预断句。
11,物业管理,5,关于您主张的物业费或赔偿金额，是否有清晰的计算依据和证据支撑？,缺少物业合同或缴费凭证，欠费金额主要来自单方统计，难以核实。,执行资料/正式脚本_反馈合并版/11_物业管理/q5_c.txt,11_物业管理_Q5_C.mp4,videos/final/11_物业管理/q5_c.mp4,质检通过,文档/游戏化立案项目视频文案题库_反馈合并版.md,男2_王浩-正式,1.0,videos/final/11_物业管理/q5_c.mp4,videos/deliverable/11_物业管理/q5_c.mp4,36.59,h264,aac,1080x1920,按第01批校对稿重跑；语速1.0；已叠加广仲logo；字幕按校对稿预断句。
12,房地产销售代理,1,您主张双方存在房地产销售代理关系，请问双方是否形成了相应的合同或合作文件？,没有书面或电子合同，或仅曾有口头约定，也即代理范围和佣金标准均无可核验依据。,执行资料/正式脚本_反馈合并版/12_房地产销售代理/q1_c.txt,12_房地产销售代理_Q1_C.mp4,videos/final/12_房地产销售代理/q1_c.mp4,质检通过,文档/游戏化立案项目视频文案题库_反馈合并版.md,女2_雅瑛-知性,1.0,videos/final/12_房地产销售代理/q1_c.mp4,videos/deliverable/12_房地产销售代理/q1_c.mp4,45.59,h264,aac,1080x1920,按第01批校对稿重跑；语速1.0；已叠加广仲logo；字幕按校对稿预断句。
12,房地产销售代理,2,双方对房地产销售代理的关键条款是否约定清楚？,未约定客户归属规则、成交认定标准或佣金支付条件，双方对代理核心权利义务均无明确书面约定。,执行资料/正式脚本_反馈合并版/12_房地产销售代理/q2_c.txt,12_房地产销售代理_Q2_C.mp4,videos/final/12_房地产销售代理/q2_c.mp4,质检通过,文档/游戏化立案项目视频文案题库_反馈合并版.md,女2_雅瑛-知性,1.0,videos/final/12_房地产销售代理/q2_c.mp4,videos/deliverable/12_房地产销售代理/q2_c.mp4,47.68,h264,aac,1080x1920,按第01批校对稿重跑；语速1.0；已叠加广仲logo；字幕按校对稿预断句。
12,房地产销售代理,3,合同签订后，代理方是否实际开展了房产销售推广工作？,合同签订后代理方未实际开展任何销售推广活动，无任何可查证的服务行为。,执行资料/正式脚本_反馈合并版/12_房地产销售代理/q3_c.txt,12_房地产销售代理_Q3_C.mp4,videos/final/12_房地产销售代理/q3_c.mp4,质检通过,文档/游戏化立案项目视频文案题库_反馈合并版.md,女2_雅瑛-知性,1.0,videos/final/12_房地产销售代理/q3_c.mp4,videos/deliverable/12_房地产销售代理/q3_c.mp4,45.63,h264,aac,1080x1920,按第01批校对稿重跑；语速1.0；已叠加广仲logo；字幕按校对稿预断句。
12,房地产销售代理,4,您主张对方构成违约，具体违约事实是什么？,无法明确指出对方违反了哪项具体约定，主要是对佣金计算方式或分配比例有异议。,执行资料/正式脚本_反馈合并版/12_房地产销售代理/q4_c.txt,12_房地产销售代理_Q4_C.mp4,videos/final/12_房地产销售代理/q4_c.mp4,质检通过,文档/游戏化立案项目视频文案题库_反馈合并版.md,女2_雅瑛-知性,1.0,videos/final/12_房地产销售代理/q4_c.mp4,videos/deliverable/12_房地产销售代理/q4_c.mp4,43.39,h264,aac,1080x1920,按第01批校对稿重跑；语速1.0；已叠加广仲logo；字幕按校对稿预断句。
12,房地产销售代理,5,关于您主张的佣金金额，是否有清晰的计算依据和证据支撑？,缺少带看记录或客户来源证明，佣金金额主要来自单方主张，难以证明成交与代理行为的关联。,执行资料/正式脚本_反馈合并版/12_房地产销售代理/q5_c.txt,12_房地产销售代理_Q5_C.mp4,videos/final/12_房地产销售代理/q5_c.mp4,质检通过,文档/游戏化立案项目视频文案题库_反馈合并版.md,女2_雅瑛-知性,1.0,videos/final/12_房地产销售代理/q5_c.mp4,videos/deliverable/12_房地产销售代理/q5_c.mp4,43.84,h264,aac,1080x1920,按第01批校对稿重跑；语速1.0；已叠加广仲logo；字幕按校对稿预断句。
13,住宅租赁,1,您主张双方存在住宅租赁关系，请问双方是否形成了相应的合同或合作文件？,没有书面或电子合同，或仅曾有口头约定，租金标准和租期均无可核验依据。,执行资料/正式脚本_反馈合并版/13_住宅租赁/q1_c.txt,13_住宅租赁_Q1_C.mp4,videos/final/13_住宅租赁/q1_c.mp4,质检通过,文档/游戏化立案项目视频文案题库_反馈合并版.md,男1_浩南-商务,1.0,videos/final/13_住宅租赁/q1_c.mp4,videos/deliverable/13_住宅租赁/q1_c.mp4,37.03,h264,aac,1080x1920,按第01批校对稿重跑；语速1.0；已叠加广仲logo；字幕按校对稿预断句。
13,住宅租赁,2,双方对住宅租赁的关键条款是否约定清楚？,未约定租期、押金退还标准或提前解约条件，双方对租赁核心权利义务均无明确书面约定。,执行资料/正式脚本_反馈合并版/13_住宅租赁/q2_c.txt,13_住宅租赁_Q2_C.mp4,videos/final/13_住宅租赁/q2_c.mp4,质检通过,文档/游戏化立案项目视频文案题库_反馈合并版.md,男1_浩南-商务,1.0,videos/final/13_住宅租赁/q2_c.mp4,videos/deliverable/13_住宅租赁/q2_c.mp4,42.26,h264,aac,1080x1920,按第01批校对稿重跑；语速1.0；已叠加广仲logo；字幕按校对稿预断句。
13,住宅租赁,3,合同签订后，房屋是否实际交付承租方入住？,合同签订后出租方未实际交付房屋，承租方始终未能入住。,执行资料/正式脚本_反馈合并版/13_住宅租赁/q3_c.txt,13_住宅租赁_Q3_C.mp4,videos/final/13_住宅租赁/q3_c.mp4,质检通过,文档/游戏化立案项目视频文案题库_反馈合并版.md,男1_浩南-商务,1.0,videos/final/13_住宅租赁/q3_c.mp4,videos/deliverable/13_住宅租赁/q3_c.mp4,37.31,h264,aac,1080x1920,按第01批校对稿重跑；语速1.0；已叠加广仲logo；字幕按校对稿预断句。
13,住宅租赁,4,您主张对方构成违约，具体违约事实是什么？,无法明确指出对方违反了哪项具体约定，主要是对押金扣除项目或租金调整有异议。,执行资料/正式脚本_反馈合并版/13_住宅租赁/q4_c.txt,13_住宅租赁_Q4_C.mp4,videos/final/13_住宅租赁/q4_c.mp4,质检通过,文档/游戏化立案项目视频文案题库_反馈合并版.md,男1_浩南-商务,1.0,videos/final/13_住宅租赁/q4_c.mp4,videos/deliverable/13_住宅租赁/q4_c.mp4,38.95,h264,aac,1080x1920,按第01批校对稿重跑；语速1.0；已叠加广仲logo；字幕按校对稿预断句。
13,住宅租赁,5,关于您主张的租金或押金金额，是否有清晰的计算依据和证据支撑？,缺少付款记录或交接凭证，租金或押金金额主要来自单方主张，难以核实。,执行资料/正式脚本_反馈合并版/13_住宅租赁/q5_c.txt,13_住宅租赁_Q5_C.mp4,videos/final/13_住宅租赁/q5_c.mp4,质检通过,文档/游戏化立案项目视频文案题库_反馈合并版.md,男1_浩南-商务,1.0,videos/final/13_住宅租赁/q5_c.mp4,videos/deliverable/13_住宅租赁/q5_c.mp4,38.63,h264,aac,1080x1920,按第01批校对稿重跑；语速1.0；已叠加广仲logo；字幕按校对稿预断句。
14,商业地产运营托管,1,您主张双方存在商业地产运营托管关系，请问双方是否形成了相应的合同或合作文件？,没有书面或电子合同，或仅曾有口头约定，托管内容和收益分配均无可核验依据。,执行资料/正式脚本_反馈合并版/14_商业地产运营托管/q1_c.txt,14_商业地产运营托管_Q1_C.mp4,videos/final/14_商业地产运营托管/q1_c.mp4,质检通过,文档/游戏化立案项目视频文案题库_反馈合并版.md,女1_婉玟-商务,1.0,videos/final/14_商业地产运营托管/q1_c.mp4,videos/deliverable/14_商业地产运营托管/q1_c.mp4,40.51,h264,aac,1080x1920,按第01批校对稿重跑；语速1.0；已叠加广仲logo；字幕按校对稿预断句。
14,商业地产运营托管,2,双方对商业地产运营托管的关键条款是否约定清楚？,未约定保底收益标准、运营指标或退出条件，双方对托管核心权利义务均无明确书面约定。,执行资料/正式脚本_反馈合并版/14_商业地产运营托管/q2_c.txt,14_商业地产运营托管_Q2_C.mp4,videos/final/14_商业地产运营托管/q2_c.mp4,质检通过,文档/游戏化立案项目视频文案题库_反馈合并版.md,女1_婉玟-商务,1.0,videos/final/14_商业地产运营托管/q2_c.mp4,videos/deliverable/14_商业地产运营托管/q2_c.mp4,41.71,h264,aac,1080x1920,按第01批校对稿重跑；语速1.0；已叠加广仲logo；字幕按校对稿预断句。
14,商业地产运营托管,3,合同签订后，托管运营方是否实际接管并开展商业运营？,合同签订后托管方未实际接管物业，商业运营从未启动。,执行资料/正式脚本_反馈合并版/14_商业地产运营托管/q3_c.txt,14_商业地产运营托管_Q3_C.mp4,videos/final/14_商业地产运营托管/q3_c.mp4,质检通过,文档/游戏化立案项目视频文案题库_反馈合并版.md,女1_婉玟-商务,1.0,videos/final/14_商业地产运营托管/q3_c.mp4,videos/deliverable/14_商业地产运营托管/q3_c.mp4,36.80,h264,aac,1080x1920,按第01批校对稿重跑；语速1.0；已叠加广仲logo；字幕按校对稿预断句。
14,商业地产运营托管,4,您主张对方构成违约，具体违约事实是什么？,无法明确指出对方违反了哪项具体约定，主要是对收益分配或运营效果不满意。,执行资料/正式脚本_反馈合并版/14_商业地产运营托管/q4_c.txt,14_商业地产运营托管_Q4_C.mp4,videos/final/14_商业地产运营托管/q4_c.mp4,质检通过,文档/游戏化立案项目视频文案题库_反馈合并版.md,女1_婉玟-商务,1.0,videos/final/14_商业地产运营托管/q4_c.mp4,videos/deliverable/14_商业地产运营托管/q4_c.mp4,37.35,h264,aac,1080x1920,按第01批校对稿重跑；语速1.0；已叠加广仲logo；字幕按校对稿预断句。
14,商业地产运营托管,5,关于您主张的保底收益或损失金额，是否有清晰的计算依据和证据支撑？,缺少运营数据或收益凭证，金额主要来自单方估算，难以核实。,执行资料/正式脚本_反馈合并版/14_商业地产运营托管/q5_c.txt,14_商业地产运营托管_Q5_C.mp4,videos/final/14_商业地产运营托管/q5_c.mp4,质检通过,文档/游戏化立案项目视频文案题库_反馈合并版.md,女1_婉玟-商务,1.0,videos/final/14_商业地产运营托管/q5_c.mp4,videos/deliverable/14_商业地产运营托管/q5_c.mp4,39.15,h264,aac,1080x1920,按第01批校对稿重跑；语速1.0；已叠加广仲logo；字幕按校对稿预断句。
15,房地产配套服务,1,您主张双方存在房地产配套服务关系，请问双方是否形成了相应的合同或合作文件？,没有书面或电子合同，或仅曾有口头委托，服务内容和报酬均无可核验依据。,执行资料/正式脚本_反馈合并版/15_房地产配套服务/q1_c.txt,15_房地产配套服务_Q1_C.mp4,videos/final/15_房地产配套服务/q1_c.mp4,质检通过,文档/游戏化立案项目视频文案题库_反馈合并版.md,男2_王浩-正式,1.0,videos/final/15_房地产配套服务/q1_c.mp4,videos/deliverable/15_房地产配套服务/q1_c.mp4,41.44,h264,aac,1080x1920,按第01批校对稿重跑；语速1.0；已叠加广仲logo；字幕按校对稿预断句。
15,房地产配套服务,2,双方对房地产配套服务的关键条款是否约定清楚？,未约定具体服务内容、完成标准或报酬支付条件，双方对服务核心权利义务均无明确书面约定。,执行资料/正式脚本_反馈合并版/15_房地产配套服务/q2_c.txt,15_房地产配套服务_Q2_C.mp4,videos/final/15_房地产配套服务/q2_c.mp4,质检通过,文档/游戏化立案项目视频文案题库_反馈合并版.md,男2_王浩-正式,1.0,videos/final/15_房地产配套服务/q2_c.mp4,videos/deliverable/15_房地产配套服务/q2_c.mp4,43.68,h264,aac,1080x1920,按第01批校对稿重跑；语速1.0；已叠加广仲logo；字幕按校对稿预断句。
15,房地产配套服务,3,合同签订后，配套服务（中介/验房/代办等）是否实际启动？,合同签订后服务方未实际启动任何服务，无任何可查证的服务行为。,执行资料/正式脚本_反馈合并版/15_房地产配套服务/q3_c.txt,15_房地产配套服务_Q3_C.mp4,videos/final/15_房地产配套服务/q3_c.mp4,质检通过,文档/游戏化立案项目视频文案题库_反馈合并版.md,男2_王浩-正式,1.0,videos/final/15_房地产配套服务/q3_c.mp4,videos/deliverable/15_房地产配套服务/q3_c.mp4,41.15,h264,aac,1080x1920,按第01批校对稿重跑；语速1.0；已叠加广仲logo；字幕按校对稿预断句。
15,房地产配套服务,4,您主张对方构成违约，具体违约事实是什么？,无法明确指出对方违反了哪项具体约定，主要是对服务效果或费用金额有异议。,执行资料/正式脚本_反馈合并版/15_房地产配套服务/q4_c.txt,15_房地产配套服务_Q4_C.mp4,videos/final/15_房地产配套服务/q4_c.mp4,质检通过,文档/游戏化立案项目视频文案题库_反馈合并版.md,男2_王浩-正式,1.0,videos/final/15_房地产配套服务/q4_c.mp4,videos/deliverable/15_房地产配套服务/q4_c.mp4,41.04,h264,aac,1080x1920,按第01批校对稿重跑；语速1.0；已叠加广仲logo；字幕按校对稿预断句。
15,房地产配套服务,5,关于您主张的服务费金额，是否有清晰的计算依据和证据支撑？,缺少服务完成的证明材料，服务费金额主要来自单方主张，难以核实已完成工作量。,执行资料/正式脚本_反馈合并版/15_房地产配套服务/q5_c.txt,15_房地产配套服务_Q5_C.mp4,videos/final/15_房地产配套服务/q5_c.mp4,质检通过,文档/游戏化立案项目视频文案题库_反馈合并版.md,男2_王浩-正式,1.0,videos/final/15_房地产配套服务/q5_c.mp4,videos/deliverable/15_房地产配套服务/q5_c.mp4,40.92,h264,aac,1080x1920,按第01批校对稿重跑；语速1.0；已叠加广仲logo；字幕按校对稿预断句。
16,特许经营,1,您主张双方存在特许经营关系，请问双方是否形成了相应的合同或合作文件？,没有书面或电子合同，仅能说明曾有口头约定，加盟内容和费用标准均无可核验依据。,执行资料/正式脚本_反馈合并版/16_特许经营/q1_c.txt,16_特许经营_Q1_C.mp4,videos/final/16_特许经营/q1_c.mp4,质检通过,文档/游戏化立案项目视频文案题库_反馈合并版.md,女2_雅瑛-知性,1.0,videos/final/16_特许经营/q1_c.mp4,videos/deliverable/16_特许经营/q1_c.mp4,39.47,h264,aac,1080x1920,按第01批校对稿重跑；语速1.0；已叠加广仲logo；字幕按校对稿预断句。
16,特许经营,2,双方对特许经营的关键条款是否约定清楚？,未约定区域保护条款、开店支持内容或解约退款条件，双方对特许核心权利义务均无明确书面约定。,执行资料/正式脚本_反馈合并版/16_特许经营/q2_c.txt,16_特许经营_Q2_C.mp4,videos/final/16_特许经营/q2_c.mp4,质检通过,文档/游戏化立案项目视频文案题库_反馈合并版.md,女2_雅瑛-知性,1.0,videos/final/16_特许经营/q2_c.mp4,videos/deliverable/16_特许经营/q2_c.mp4,44.59,h264,aac,1080x1920,按第01批校对稿重跑；语速1.0；已叠加广仲logo；字幕按校对稿预断句。
16,特许经营,3,合同签订后，加盟方是否实际开始经营（选址/开店/培训等启动工作）？,合同签订后加盟方未实际开展任何筹备或经营活动，门店从未开业。,执行资料/正式脚本_反馈合并版/16_特许经营/q3_c.txt,16_特许经营_Q3_C.mp4,videos/final/16_特许经营/q3_c.mp4,质检通过,文档/游戏化立案项目视频文案题库_反馈合并版.md,女2_雅瑛-知性,1.0,videos/final/16_特许经营/q3_c.mp4,videos/deliverable/16_特许经营/q3_c.mp4,39.38,h264,aac,1080x1920,按第01批校对稿重跑；语速1.0；已叠加广仲logo；字幕按校对稿预断句。
16,特许经营,4,您主张对方构成违约，具体违约事实是什么？,无法明确指出对方违反了哪项具体约定，主要是对经营效果或品牌价值不满意。,执行资料/正式脚本_反馈合并版/16_特许经营/q4_c.txt,16_特许经营_Q4_C.mp4,videos/final/16_特许经营/q4_c.mp4,质检通过,文档/游戏化立案项目视频文案题库_反馈合并版.md,女2_雅瑛-知性,1.0,videos/final/16_特许经营/q4_c.mp4,videos/deliverable/16_特许经营/q4_c.mp4,39.42,h264,aac,1080x1920,按第01批校对稿重跑；语速1.0；已叠加广仲logo；字幕按校对稿预断句。
16,特许经营,5,关于您主张的加盟费退还或损失金额，是否有清晰的计算依据和证据支撑？,缺少关键证据，金额主要来自单方估算，难以证明具体损失或应退金额。,执行资料/正式脚本_反馈合并版/16_特许经营/q5_c.txt,16_特许经营_Q5_C.mp4,videos/final/16_特许经营/q5_c.mp4,质检通过,文档/游戏化立案项目视频文案题库_反馈合并版.md,女2_雅瑛-知性,1.0,videos/final/16_特许经营/q5_c.mp4,videos/deliverable/16_特许经营/q5_c.mp4,39.51,h264,aac,1080x1920,按第01批校对稿重跑；语速1.0；已叠加广仲logo；字幕按校对稿预断句。
17,法律服务,1,您主张双方存在法律服务关系，请问双方是否形成了相应的合同或合作文件？,没有书面或电子合同，或仅曾有口头委托，服务范围和报酬均无可核验依据。,执行资料/正式脚本_反馈合并版/17_法律服务/q1_c.txt,17_法律服务_Q1_C.mp4,videos/final/17_法律服务/q1_c.mp4,质检通过,文档/游戏化立案项目视频文案题库_反馈合并版.md,男1_浩南-商务,1.0,videos/final/17_法律服务/q1_c.mp4,videos/deliverable/17_法律服务/q1_c.mp4,38.42,h264,aac,1080x1920,按第01批校对稿重跑；语速1.0；已叠加广仲logo；字幕按校对稿预断句。
17,法律服务,2,双方对法律服务的关键条款是否约定清楚？,未约定委托事项具体范围、代理费标准或风险提成条件，双方对服务核心权利义务均无明确书面约定。,执行资料/正式脚本_反馈合并版/17_法律服务/q2_c.txt,17_法律服务_Q2_C.mp4,videos/final/17_法律服务/q2_c.mp4,质检通过,文档/游戏化立案项目视频文案题库_反馈合并版.md,男1_浩南-商务,1.0,videos/final/17_法律服务/q2_c.mp4,videos/deliverable/17_法律服务/q2_c.mp4,40.34,h264,aac,1080x1920,按第01批校对稿重跑；语速1.0；已叠加广仲logo；字幕按校对稿预断句。
17,法律服务,3,合同签订后，律所/律师是否实际启动了委托事项的办理工作？,合同签订后律师/律所未实际开展任何服务工作，委托事项从未启动办理。,执行资料/正式脚本_反馈合并版/17_法律服务/q3_c.txt,17_法律服务_Q3_C.mp4,videos/final/17_法律服务/q3_c.mp4,质检通过,文档/游戏化立案项目视频文案题库_反馈合并版.md,男1_浩南-商务,1.0,videos/final/17_法律服务/q3_c.mp4,videos/deliverable/17_法律服务/q3_c.mp4,36.86,h264,aac,1080x1920,按第01批校对稿重跑；语速1.0；已叠加广仲logo；字幕按校对稿预断句。
17,法律服务,4,您主张对方构成违约，具体违约事实是什么？,无法明确指出对方违反了哪项具体约定，主要是对代理效果或收费标准有异议。,执行资料/正式脚本_反馈合并版/17_法律服务/q4_c.txt,17_法律服务_Q4_C.mp4,videos/final/17_法律服务/q4_c.mp4,质检通过,文档/游戏化立案项目视频文案题库_反馈合并版.md,男1_浩南-商务,1.0,videos/final/17_法律服务/q4_c.mp4,videos/deliverable/17_法律服务/q4_c.mp4,35.52,h264,aac,1080x1920,按第01批校对稿重跑；语速1.0；已叠加广仲logo；字幕按校对稿预断句。
17,法律服务,5,关于您主张的服务费或提成金额，是否有清晰的计算依据和证据支撑？,缺少服务完成的证明材料，费用金额主要来自单方主张，难以核实已完成工作量。,执行资料/正式脚本_反馈合并版/17_法律服务/q5_c.txt,17_法律服务_Q5_C.mp4,videos/final/17_法律服务/q5_c.mp4,质检通过,文档/游戏化立案项目视频文案题库_反馈合并版.md,男1_浩南-商务,1.0,videos/final/17_法律服务/q5_c.mp4,videos/deliverable/17_法律服务/q5_c.mp4,38.83,h264,aac,1080x1920,按第01批校对稿重跑；语速1.0；已叠加广仲logo；字幕按校对稿预断句。
18,教育培训,1,您主张双方存在教育培训关系，请问双方是否形成了相应的合同或合作文件？,没有书面或电子合同，仅凭缴费记录，未签订任何培训协议。,执行资料/正式脚本_反馈合并版/18_教育培训/q1_c.txt,18_教育培训_Q1_C.mp4,videos/final/18_教育培训/q1_c.mp4,质检通过,文档/游戏化立案项目视频文案题库_反馈合并版.md,女1_婉玟-商务,1.0,videos/final/18_教育培训/q1_c.mp4,videos/deliverable/18_教育培训/q1_c.mp4,42.52,h264,aac,1080x1920,按第01批校对稿重跑；语速1.0；已叠加广仲logo；字幕按校对稿预断句。
18,教育培训,2,双方对教育培训的关键条款是否约定清楚？,未约定退款条件，或明确约定「一经报名概不退款」，也未承诺任何服务保障条款。,执行资料/正式脚本_反馈合并版/18_教育培训/q2_c.txt,18_教育培训_Q2_C.mp4,videos/final/18_教育培训/q2_c.mp4,质检通过,文档/游戏化立案项目视频文案题库_反馈合并版.md,女1_婉玟-商务,1.0,videos/final/18_教育培训/q2_c.mp4,videos/deliverable/18_教育培训/q2_c.mp4,46.00,h264,aac,1080x1920,按第01批校对稿重跑；语速1.0；已叠加广仲logo；字幕按校对稿预断句。
18,教育培训,3,合同签订后，课程/培训是否实际开课？,合同签订后课程从未实际开课，学员从未参加任何课时或培训活动。,执行资料/正式脚本_反馈合并版/18_教育培训/q3_c.txt,18_教育培训_Q3_C.mp4,videos/final/18_教育培训/q3_c.mp4,质检通过,文档/游戏化立案项目视频文案题库_反馈合并版.md,女1_婉玟-商务,1.0,videos/final/18_教育培训/q3_c.mp4,videos/deliverable/18_教育培训/q3_c.mp4,44.50,h264,aac,1080x1920,按第01批校对稿重跑；语速1.0；已叠加广仲logo；字幕按校对稿预断句。
18,教育培训,4,您主张对方构成违约，具体违约事实是什么？,无法明确指出对方违反了哪项具体约定，主要是对培训效果或考试结果不满意。,执行资料/正式脚本_反馈合并版/18_教育培训/q4_c.txt,18_教育培训_Q4_C.mp4,videos/final/18_教育培训/q4_c.mp4,质检通过,文档/游戏化立案项目视频文案题库_反馈合并版.md,女1_婉玟-商务,1.0,videos/final/18_教育培训/q4_c.mp4,videos/deliverable/18_教育培训/q4_c.mp4,42.90,h264,aac,1080x1920,按第01批校对稿重跑；语速1.0；已叠加广仲logo；字幕按校对稿预断句。
18,教育培训,5,关于您主张的退款金额，是否有清晰的计算依据和证据支撑？,缺少上课记录或合同约定，退款金额主要来自单方主张，难以核实应退金额。,执行资料/正式脚本_反馈合并版/18_教育培训/q5_c.txt,18_教育培训_Q5_C.mp4,videos/final/18_教育培训/q5_c.mp4,质检通过,文档/游戏化立案项目视频文案题库_反馈合并版.md,女1_婉玟-商务,1.0,videos/final/18_教育培训/q5_c.mp4,videos/deliverable/18_教育培训/q5_c.mp4,41.71,h264,aac,1080x1920,按第01批校对稿重跑；语速1.0；已叠加广仲logo；字幕按校对稿预断句。
19,教育升学代理,1,您主张双方存在教育升学代理关系，请问双方是否形成了相应的合同或合作文件？,没有书面或电子合同，仅能说明曾有口头约定，代理内容和费用均无可核验依据。,执行资料/正式脚本_反馈合并版/19_教育升学代理/q1_c.txt,19_教育升学代理_Q1_C.mp4,videos/final/19_教育升学代理/q1_c.mp4,质检通过,文档/游戏化立案项目视频文案题库_反馈合并版.md,男2_王浩-正式,1.0,videos/final/19_教育升学代理/q1_c.mp4,videos/deliverable/19_教育升学代理/q1_c.mp4,38.40,h264,aac,1080x1920,按第01批校对稿重跑；语速1.0；已叠加广仲logo；字幕按校对稿预断句。
19,教育升学代理,2,双方对教育升学代理的关键条款是否约定清楚？,未约定代理目标、退款条件或服务期限，双方对代理核心权利义务均无明确书面约定。,执行资料/正式脚本_反馈合并版/19_教育升学代理/q2_c.txt,19_教育升学代理_Q2_C.mp4,videos/final/19_教育升学代理/q2_c.mp4,质检通过,文档/游戏化立案项目视频文案题库_反馈合并版.md,男2_王浩-正式,1.0,videos/final/19_教育升学代理/q2_c.mp4,videos/deliverable/19_教育升学代理/q2_c.mp4,41.34,h264,aac,1080x1920,按第01批校对稿重跑；语速1.0；已叠加广仲logo；字幕按校对稿预断句。
19,教育升学代理,3,合同签订后，代理方是否实际启动了升学/申请办理流程？,合同签订后代理方未实际开展任何升学办理工作，申请流程从未启动。,执行资料/正式脚本_反馈合并版/19_教育升学代理/q3_c.txt,19_教育升学代理_Q3_C.mp4,videos/final/19_教育升学代理/q3_c.mp4,质检通过,文档/游戏化立案项目视频文案题库_反馈合并版.md,男2_王浩-正式,1.0,videos/final/19_教育升学代理/q3_c.mp4,videos/deliverable/19_教育升学代理/q3_c.mp4,37.76,h264,aac,1080x1920,按第01批校对稿重跑；语速1.0；已叠加广仲logo；字幕按校对稿预断句。
19,教育升学代理,4,您主张对方构成违约，具体违约事实是什么？,无法明确指出对方违反了哪项具体约定，主要是对申请结果或服务进度不满意。,执行资料/正式脚本_反馈合并版/19_教育升学代理/q4_c.txt,19_教育升学代理_Q4_C.mp4,videos/final/19_教育升学代理/q4_c.mp4,质检通过,文档/游戏化立案项目视频文案题库_反馈合并版.md,男2_王浩-正式,1.0,videos/final/19_教育升学代理/q4_c.mp4,videos/deliverable/19_教育升学代理/q4_c.mp4,38.52,h264,aac,1080x1920,按第01批校对稿重跑；语速1.0；已叠加广仲logo；字幕按校对稿预断句。
19,教育升学代理,5,关于您主张的退款金额，是否有清晰的计算依据和证据支撑？,缺少服务进度记录或申请结果证明，退款金额主要来自单方主张，难以核实应退金额。,执行资料/正式脚本_反馈合并版/19_教育升学代理/q5_c.txt,19_教育升学代理_Q5_C.mp4,videos/final/19_教育升学代理/q5_c.mp4,质检通过,文档/游戏化立案项目视频文案题库_反馈合并版.md,男2_王浩-正式,1.0,videos/final/19_教育升学代理/q5_c.mp4,videos/deliverable/19_教育升学代理/q5_c.mp4,37.48,h264,aac,1080x1920,按第01批校对稿重跑；语速1.0；已叠加广仲logo；字幕按校对稿预断句。
20,定制化服务,1,您主张双方存在定制化服务关系，请问双方是否形成了相应的合同或合作文件？,没有书面或电子合同，或仅曾有口头约定，服务内容和费用均无可核验依据。,执行资料/正式脚本_反馈合并版/20_定制化服务/q1_c.txt,20_定制化服务_Q1_C.mp4,videos/final/20_定制化服务/q1_c.mp4,质检通过,文档/游戏化立案项目视频文案题库_反馈合并版.md,女2_雅瑛-知性,1.0,videos/final/20_定制化服务/q1_c.mp4,videos/deliverable/20_定制化服务/q1_c.mp4,39.55,h264,aac,1080x1920,按第01批校对稿重跑；语速1.0；已叠加广仲logo；字幕按校对稿预断句。
20,定制化服务,2,双方对定制化服务的关键条款是否约定清楚？,未约定服务的具体内容、成果标准或退款条件，双方对服务核心权利义务均无明确书面约定。,执行资料/正式脚本_反馈合并版/20_定制化服务/q2_c.txt,20_定制化服务_Q2_C.mp4,videos/final/20_定制化服务/q2_c.mp4,质检通过,文档/游戏化立案项目视频文案题库_反馈合并版.md,女2_雅瑛-知性,1.0,videos/final/20_定制化服务/q2_c.mp4,videos/deliverable/20_定制化服务/q2_c.mp4,41.24,h264,aac,1080x1920,按第01批校对稿重跑；语速1.0；已叠加广仲logo；字幕按校对稿预断句。
20,定制化服务,3,合同签订后，定制服务/产品是否实际进入制作或执行阶段？,合同签订后服务方未实际启动任何制作或执行工作，定制服务从未开始。,执行资料/正式脚本_反馈合并版/20_定制化服务/q3_c.txt,20_定制化服务_Q3_C.mp4,videos/final/20_定制化服务/q3_c.mp4,质检通过,文档/游戏化立案项目视频文案题库_反馈合并版.md,女2_雅瑛-知性,1.0,videos/final/20_定制化服务/q3_c.mp4,videos/deliverable/20_定制化服务/q3_c.mp4,37.76,h264,aac,1080x1920,按第01批校对稿重跑；语速1.0；已叠加广仲logo；字幕按校对稿预断句。
20,定制化服务,4,您主张对方构成违约，具体违约事实是什么？,无法明确指出对方违反了哪项具体约定，主要是对服务结果或成果效果不满意。,执行资料/正式脚本_反馈合并版/20_定制化服务/q4_c.txt,20_定制化服务_Q4_C.mp4,videos/final/20_定制化服务/q4_c.mp4,质检通过,文档/游戏化立案项目视频文案题库_反馈合并版.md,女2_雅瑛-知性,1.0,videos/final/20_定制化服务/q4_c.mp4,videos/deliverable/20_定制化服务/q4_c.mp4,36.95,h264,aac,1080x1920,按第01批校对稿重跑；语速1.0；已叠加广仲logo；字幕按校对稿预断句。
20,定制化服务,5,关于您主张的退款或赔偿金额，是否有清晰的计算依据和证据支撑？,缺少服务完成的证明材料，退款金额主要来自单方主张，难以核实应退金额。,执行资料/正式脚本_反馈合并版/20_定制化服务/q5_c.txt,20_定制化服务_Q5_C.mp4,videos/final/20_定制化服务/q5_c.mp4,质检通过,文档/游戏化立案项目视频文案题库_反馈合并版.md,女2_雅瑛-知性,1.0,videos/final/20_定制化服务/q5_c.mp4,videos/deliverable/20_定制化服务/q5_c.mp4,39.70,h264,aac,1080x1920,按第01批校对稿重跑；语速1.0；已叠加广仲logo；字幕按校对稿预断句。
21,婚恋情感服务,1,您主张双方存在婚恋情感服务关系，请问双方是否形成了相应的合同或合作文件？,没有书面或电子合同，或仅曾有口头约定，服务内容和费用均无可核验依据。,执行资料/正式脚本_反馈合并版/21_婚恋情感服务/q1_c.txt,21_婚恋情感服务_Q1_C.mp4,videos/final/21_婚恋情感服务/q1_c.mp4,质检通过,文档/游戏化立案项目视频文案题库_反馈合并版.md,男1_浩南-商务,1.0,videos/final/21_婚恋情感服务/q1_c.mp4,videos/deliverable/21_婚恋情感服务/q1_c.mp4,43.90,h264,aac,1080x1920,按正式脚本生成；语速1.0；已叠加广仲logo。
21,婚恋情感服务,2,双方对婚恋情感服务的关键条款是否约定清楚？,未约定服务次数、匹配标准或退款条件，双方对服务核心权利义务均无明确书面约定。,执行资料/正式脚本_反馈合并版/21_婚恋情感服务/q2_c.txt,21_婚恋情感服务_Q2_C.mp4,videos/final/21_婚恋情感服务/q2_c.mp4,质检通过,文档/游戏化立案项目视频文案题库_反馈合并版.md,男1_浩南-商务,1.0,videos/final/21_婚恋情感服务/q2_c.mp4,videos/deliverable/21_婚恋情感服务/q2_c.mp4,44.96,h264,aac,1080x1920,按正式脚本生成；语速1.0；已叠加广仲logo。
21,婚恋情感服务,3,合同签订后，平台/顾问是否实际启动了介绍/配对/情感服务？,合同签订后平台/顾问从未实际安排任何配对或情感服务，服务从未启动。,执行资料/正式脚本_反馈合并版/21_婚恋情感服务/q3_c.txt,21_婚恋情感服务_Q3_C.mp4,videos/final/21_婚恋情感服务/q3_c.mp4,质检通过,文档/游戏化立案项目视频文案题库_反馈合并版.md,男1_浩南-商务,1.0,videos/final/21_婚恋情感服务/q3_c.mp4,videos/deliverable/21_婚恋情感服务/q3_c.mp4,44.35,h264,aac,1080x1920,按正式脚本生成；语速1.0；已叠加广仲logo。
21,婚恋情感服务,4,您主张对方构成违约，具体违约事实是什么？,无法明确指出对方违反了哪项具体约定，主要是对匹配结果或配对质量不满意。,执行资料/正式脚本_反馈合并版/21_婚恋情感服务/q4_c.txt,21_婚恋情感服务_Q4_C.mp4,videos/final/21_婚恋情感服务/q4_c.mp4,质检通过,文档/游戏化立案项目视频文案题库_反馈合并版.md,男1_浩南-商务,1.0,videos/final/21_婚恋情感服务/q4_c.mp4,videos/deliverable/21_婚恋情感服务/q4_c.mp4,41.79,h264,aac,1080x1920,按正式脚本生成；语速1.0；已叠加广仲logo。
21,婚恋情感服务,5,关于您主张的退款金额，是否有清晰的计算依据和证据支撑？,缺少服务记录，退款金额主要来自单方主张，难以核实已提供的服务次数和应退金额。,执行资料/正式脚本_反馈合并版/21_婚恋情感服务/q5_c.txt,21_婚恋情感服务_Q5_C.mp4,videos/final/21_婚恋情感服务/q5_c.mp4,质检通过,文档/游戏化立案项目视频文案题库_反馈合并版.md,男1_浩南-商务,1.0,videos/final/21_婚恋情感服务/q5_c.mp4,videos/deliverable/21_婚恋情感服务/q5_c.mp4,41.34,h264,aac,1080x1920,按正式脚本生成；语速1.0；已叠加广仲logo。
22,资质许可代理,1,您主张双方存在资质许可代理关系，请问双方是否形成了相应的合同或合作文件？,没有书面或电子合同，仅能说明曾有口头约定，代办内容和费用均无可核验依据。,执行资料/正式脚本_反馈合并版/22_资质许可代理/q1_c.txt,22_资质许可代理_Q1_C.mp4,videos/final/22_资质许可代理/q1_c.mp4,质检通过,文档/游戏化立案项目视频文案题库_反馈合并版.md,女1_婉玟-商务,1.0,videos/final/22_资质许可代理/q1_c.mp4,videos/deliverable/22_资质许可代理/q1_c.mp4,38.95,h264,aac,1080x1920,按正式脚本生成；语速1.0；已叠加广仲logo。
22,资质许可代理,2,双方对资质许可代理的关键条款是否约定清楚？,未约定代办的具体目标、退款条件或政策变化时的处理方式，双方对代办核心权利义务均无明确书面约定。,执行资料/正式脚本_反馈合并版/22_资质许可代理/q2_c.txt,22_资质许可代理_Q2_C.mp4,videos/final/22_资质许可代理/q2_c.mp4,质检通过,文档/游戏化立案项目视频文案题库_反馈合并版.md,女1_婉玟-商务,1.0,videos/final/22_资质许可代理/q2_c.mp4,videos/deliverable/22_资质许可代理/q2_c.mp4,45.08,h264,aac,1080x1920,按正式脚本生成；语速1.0；已叠加广仲logo。
22,资质许可代理,3,合同签订后，代理方是否实际启动了资质申报/许可办理流程？,合同签订后代理方未实际启动任何申报工作，资质办理流程从未开始。,执行资料/正式脚本_反馈合并版/22_资质许可代理/q3_c.txt,22_资质许可代理_Q3_C.mp4,videos/final/22_资质许可代理/q3_c.mp4,质检通过,文档/游戏化立案项目视频文案题库_反馈合并版.md,女1_婉玟-商务,1.0,videos/final/22_资质许可代理/q3_c.mp4,videos/deliverable/22_资质许可代理/q3_c.mp4,40.28,h264,aac,1080x1920,按正式脚本生成；语速1.0；已叠加广仲logo。
22,资质许可代理,4,您主张对方构成违约，具体违约事实是什么？,无法明确指出对方违反了哪项具体约定，主要是对办理进度或结果不满意。,执行资料/正式脚本_反馈合并版/22_资质许可代理/q4_c.txt,22_资质许可代理_Q4_C.mp4,videos/final/22_资质许可代理/q4_c.mp4,质检通过,文档/游戏化立案项目视频文案题库_反馈合并版.md,女1_婉玟-商务,1.0,videos/final/22_资质许可代理/q4_c.mp4,videos/deliverable/22_资质许可代理/q4_c.mp4,40.19,h264,aac,1080x1920,按正式脚本生成；语速1.0；已叠加广仲logo。
22,资质许可代理,5,关于您主张的退款金额，是否有清晰的计算依据和证据支撑？,缺少办理进度记录，退款金额主要来自单方主张，难以核实服务进展情况。,执行资料/正式脚本_反馈合并版/22_资质许可代理/q5_c.txt,22_资质许可代理_Q5_C.mp4,videos/final/22_资质许可代理/q5_c.mp4,质检通过,文档/游戏化立案项目视频文案题库_反馈合并版.md,女1_婉玟-商务,1.0,videos/final/22_资质许可代理/q5_c.mp4,videos/deliverable/22_资质许可代理/q5_c.mp4,40.06,h264,aac,1080x1920,按正式脚本生成；语速1.0；已叠加广仲logo。
23,健身服务,1,您主张双方存在健身服务关系，请问双方是否形成了相应的合同或合作文件？,没有书面或电子合同，仅能说明曾有口头约定，课时数量和费用均无可核验依据。,执行资料/正式脚本_反馈合并版/23_健身服务/q1_c.txt,23_健身服务_Q1_C.mp4,videos/final/23_健身服务/q1_c.mp4,质检通过,文档/游戏化立案项目视频文案题库_反馈合并版.md,男2_王浩-正式,1.0,videos/final/23_健身服务/q1_c.mp4,videos/deliverable/23_健身服务/q1_c.mp4,37.08,h264,aac,1080x1920,按正式脚本生成；语速1.0；已叠加广仲logo。
23,健身服务,2,双方对健身服务的关键条款是否约定清楚？,未约定退课退费条件，或明确约定「已售出不退款」，也未约定会员期限内的保障条款。,执行资料/正式脚本_反馈合并版/23_健身服务/q2_c.txt,23_健身服务_Q2_C.mp4,videos/final/23_健身服务/q2_c.mp4,质检通过,文档/游戏化立案项目视频文案题库_反馈合并版.md,男2_王浩-正式,1.0,videos/final/23_健身服务/q2_c.mp4,videos/deliverable/23_健身服务/q2_c.mp4,38.83,h264,aac,1080x1920,按正式脚本生成；语速1.0；已叠加广仲logo。
23,健身服务,3,合同签订后，健身服务（会员课/私教）是否实际开始提供？,合同签订后服务从未实际开始，学员从未使用过任何课时或场馆资源。,执行资料/正式脚本_反馈合并版/23_健身服务/q3_c.txt,23_健身服务_Q3_C.mp4,videos/final/23_健身服务/q3_c.mp4,质检通过,文档/游戏化立案项目视频文案题库_反馈合并版.md,男2_王浩-正式,1.0,videos/final/23_健身服务/q3_c.mp4,videos/deliverable/23_健身服务/q3_c.mp4,34.90,h264,aac,1080x1920,按正式脚本生成；语速1.0；已叠加广仲logo。
23,健身服务,4,您主张对方构成违约，具体违约事实是什么？,无法明确指出对方违反了哪项具体约定，主要是对健身效果或教练水平不满意。,执行资料/正式脚本_反馈合并版/23_健身服务/q4_c.txt,23_健身服务_Q4_C.mp4,videos/final/23_健身服务/q4_c.mp4,质检通过,文档/游戏化立案项目视频文案题库_反馈合并版.md,男2_王浩-正式,1.0,videos/final/23_健身服务/q4_c.mp4,videos/deliverable/23_健身服务/q4_c.mp4,34.90,h264,aac,1080x1920,按正式脚本生成；语速1.0；已叠加广仲logo。
23,健身服务,5,关于您主张的退款金额，是否有清晰的计算依据和证据支撑？,缺少课时记录，退款金额主要来自单方估算，难以核实已完成和剩余课时数。,执行资料/正式脚本_反馈合并版/23_健身服务/q5_c.txt,23_健身服务_Q5_C.mp4,videos/final/23_健身服务/q5_c.mp4,质检通过,文档/游戏化立案项目视频文案题库_反馈合并版.md,男2_王浩-正式,1.0,videos/final/23_健身服务/q5_c.mp4,videos/deliverable/23_健身服务/q5_c.mp4,36.48,h264,aac,1080x1920,按正式脚本生成；语速1.0；已叠加广仲logo。
24,展会会务服务,1,您主张双方存在展会会务服务关系，请问双方是否形成了相应的合同或合作文件？,没有书面或电子合同，仅能说明曾有口头约定，搭建范围和费用均无可核验依据。,执行资料/正式脚本_反馈合并版/24_展会会务服务/q1_c.txt,24_展会会务服务_Q1_C.mp4,videos/final/24_展会会务服务/q1_c.mp4,质检通过,文档/游戏化立案项目视频文案题库_反馈合并版.md,女2_雅瑛-知性,1.0,videos/final/24_展会会务服务/q1_c.mp4,videos/deliverable/24_展会会务服务/q1_c.mp4,44.96,h264,aac,1080x1920,按正式脚本生成；语速1.0；已叠加广仲logo。
24,展会会务服务,2,双方对展会会务服务的关键条款是否约定清楚？,未约定搭建具体范围、验收标准或费用结算条件，双方对服务核心权利义务均无明确书面约定。,执行资料/正式脚本_反馈合并版/24_展会会务服务/q2_c.txt,24_展会会务服务_Q2_C.mp4,videos/final/24_展会会务服务/q2_c.mp4,质检通过,文档/游戏化立案项目视频文案题库_反馈合并版.md,女2_雅瑛-知性,1.0,videos/final/24_展会会务服务/q2_c.mp4,videos/deliverable/24_展会会务服务/q2_c.mp4,47.42,h264,aac,1080x1920,按正式脚本生成；语速1.0；已叠加广仲logo。
24,展会会务服务,3,合同签订后，展会/会务服务是否实际开始执行？,合同签订后服务方未实际启动任何筹备或执行工作，活动从未开展。,执行资料/正式脚本_反馈合并版/24_展会会务服务/q3_c.txt,24_展会会务服务_Q3_C.mp4,videos/final/24_展会会务服务/q3_c.mp4,质检通过,文档/游戏化立案项目视频文案题库_反馈合并版.md,女2_雅瑛-知性,1.0,videos/final/24_展会会务服务/q3_c.mp4,videos/deliverable/24_展会会务服务/q3_c.mp4,44.67,h264,aac,1080x1920,按正式脚本生成；语速1.0；已叠加广仲logo。
24,展会会务服务,4,您主张对方构成违约，具体违约事实是什么？,无法明确指出对方违反了哪项具体约定，主要是对搭建效果或会务细节不满意。,执行资料/正式脚本_反馈合并版/24_展会会务服务/q4_c.txt,24_展会会务服务_Q4_C.mp4,videos/final/24_展会会务服务/q4_c.mp4,质检通过,文档/游戏化立案项目视频文案题库_反馈合并版.md,女2_雅瑛-知性,1.0,videos/final/24_展会会务服务/q4_c.mp4,videos/deliverable/24_展会会务服务/q4_c.mp4,42.84,h264,aac,1080x1920,按正式脚本生成；语速1.0；已叠加广仲logo。
24,展会会务服务,5,关于您主张的费用金额，是否有清晰的计算依据和证据支撑？,缺少验收记录或合同文件，费用金额主要来自单方统计，难以核实已完成服务内容。,执行资料/正式脚本_反馈合并版/24_展会会务服务/q5_c.txt,24_展会会务服务_Q5_C.mp4,videos/final/24_展会会务服务/q5_c.mp4,质检通过,文档/游戏化立案项目视频文案题库_反馈合并版.md,女2_雅瑛-知性,1.0,videos/final/24_展会会务服务/q5_c.mp4,videos/deliverable/24_展会会务服务/q5_c.mp4,42.96,h264,aac,1080x1920,按正式脚本生成；语速1.0；已叠加广仲logo。
25,医疗健康服务,1,您主张双方存在医疗健康服务关系，请问双方是否形成了相应的合同或合作文件？,没有书面或电子合同，仅能说明曾有口头约定，服务内容和费用均无可核验依据。,执行资料/正式脚本_反馈合并版/25_医疗健康服务/q1_c.txt,25_医疗健康服务_Q1_C.mp4,videos/final/25_医疗健康服务/q1_c.mp4,质检通过,文档/游戏化立案项目视频文案题库_反馈合并版.md,男1_浩南-商务,1.0,videos/final/25_医疗健康服务/q1_c.mp4,videos/deliverable/25_医疗健康服务/q1_c.mp4,37.27,h264,aac,1080x1920,按正式脚本生成；语速1.0；已叠加广仲logo。
25,医疗健康服务,2,双方对医疗健康服务的关键条款是否约定清楚？,未约定服务具体项目内容、报告时限或退款条件，双方对服务核心权利义务均无明确书面约定。,执行资料/正式脚本_反馈合并版/25_医疗健康服务/q2_c.txt,25_医疗健康服务_Q2_C.mp4,videos/final/25_医疗健康服务/q2_c.mp4,质检通过,文档/游戏化立案项目视频文案题库_反馈合并版.md,男1_浩南-商务,1.0,videos/final/25_医疗健康服务/q2_c.mp4,videos/deliverable/25_医疗健康服务/q2_c.mp4,42.35,h264,aac,1080x1920,按正式脚本生成；语速1.0；已叠加广仲logo。
25,医疗健康服务,3,合同签订后，医疗/健康服务是否实际开始提供？,合同签订后服务方从未实际开始提供医疗健康服务，无任何就诊或服务记录。,执行资料/正式脚本_反馈合并版/25_医疗健康服务/q3_c.txt,25_医疗健康服务_Q3_C.mp4,videos/final/25_医疗健康服务/q3_c.mp4,质检通过,文档/游戏化立案项目视频文案题库_反馈合并版.md,男1_浩南-商务,1.0,videos/final/25_医疗健康服务/q3_c.mp4,videos/deliverable/25_医疗健康服务/q3_c.mp4,38.83,h264,aac,1080x1920,按正式脚本生成；语速1.0；已叠加广仲logo。
25,医疗健康服务,4,您主张对方构成违约，具体违约事实是什么？,无法明确指出对方违反了哪项具体约定，主要是对检测结果或健康建议的准确性有疑虑。,执行资料/正式脚本_反馈合并版/25_医疗健康服务/q4_c.txt,25_医疗健康服务_Q4_C.mp4,videos/final/25_医疗健康服务/q4_c.mp4,质检通过,文档/游戏化立案项目视频文案题库_反馈合并版.md,男1_浩南-商务,1.0,videos/final/25_医疗健康服务/q4_c.mp4,videos/deliverable/25_医疗健康服务/q4_c.mp4,39.79,h264,aac,1080x1920,按正式脚本生成；语速1.0；已叠加广仲logo。
25,医疗健康服务,5,关于您主张的退款或损失金额，是否有清晰的计算依据和证据支撑？,缺少检测记录或合同文件，退款或损失金额主要来自单方主张，难以核实。,执行资料/正式脚本_反馈合并版/25_医疗健康服务/q5_c.txt,25_医疗健康服务_Q5_C.mp4,videos/final/25_医疗健康服务/q5_c.mp4,质检通过,文档/游戏化立案项目视频文案题库_反馈合并版.md,男1_浩南-商务,1.0,videos/final/25_医疗健康服务/q5_c.mp4,videos/deliverable/25_医疗健康服务/q5_c.mp4,38.72,h264,aac,1080x1920,按正式脚本生成；语速1.0；已叠加广仲logo。
26,新能源运营服务,1,您主张双方存在新能源运营服务关系，请问双方是否形成了相应的合同或合作文件？,没有书面或电子合同，仅能说明曾有口头约定，运营内容和收益分配均无可核验依据。,执行资料/正式脚本_反馈合并版/26_新能源运营服务/q1_c.txt,26_新能源运营服务_Q1_C.mp4,videos/final/26_新能源运营服务/q1_c.mp4,质检通过,文档/游戏化立案项目视频文案题库_反馈合并版.md,女1_婉玟-商务,1.0,videos/final/26_新能源运营服务/q1_c.mp4,videos/deliverable/26_新能源运营服务/q1_c.mp4,40.19,h264,aac,1080x1920,按正式脚本生成；语速1.0；已叠加广仲logo。
26,新能源运营服务,2,双方对新能源运营服务的关键条款是否约定清楚？,未约定运营收益分配、招商成果标准或退出条件，双方对运营核心权利义务均无明确书面约定。,执行资料/正式脚本_反馈合并版/26_新能源运营服务/q2_c.txt,26_新能源运营服务_Q2_C.mp4,videos/final/26_新能源运营服务/q2_c.mp4,质检通过,文档/游戏化立案项目视频文案题库_反馈合并版.md,女1_婉玟-商务,1.0,videos/final/26_新能源运营服务/q2_c.mp4,videos/deliverable/26_新能源运营服务/q2_c.mp4,42.03,h264,aac,1080x1920,按正式脚本生成；语速1.0；已叠加广仲logo。
26,新能源运营服务,3,合同签订后，新能源运营（光伏/充电桩/储能等）服务是否实际启动？,合同签订后运营方未实际开展任何安装或运营工作，项目从未启动。,执行资料/正式脚本_反馈合并版/26_新能源运营服务/q3_c.txt,26_新能源运营服务_Q3_C.mp4,videos/final/26_新能源运营服务/q3_c.mp4,质检通过,文档/游戏化立案项目视频文案题库_反馈合并版.md,女1_婉玟-商务,1.0,videos/final/26_新能源运营服务/q3_c.mp4,videos/deliverable/26_新能源运营服务/q3_c.mp4,37.67,h264,aac,1080x1920,按正式脚本生成；语速1.0；已叠加广仲logo。
26,新能源运营服务,4,您主张对方构成违约，具体违约事实是什么？,无法明确指出对方违反了哪项具体约定，主要是对运营效果或收益水平不满意。,执行资料/正式脚本_反馈合并版/26_新能源运营服务/q4_c.txt,26_新能源运营服务_Q4_C.mp4,videos/final/26_新能源运营服务/q4_c.mp4,质检通过,文档/游戏化立案项目视频文案题库_反馈合并版.md,女1_婉玟-商务,1.0,videos/final/26_新能源运营服务/q4_c.mp4,videos/deliverable/26_新能源运营服务/q4_c.mp4,37.12,h264,aac,1080x1920,按正式脚本生成；语速1.0；已叠加广仲logo。
26,新能源运营服务,5,关于您主张的收益或损失金额，是否有清晰的计算依据和证据支撑？,缺少运营数据或结算凭证，金额主要来自单方估算，难以核实应付收益。,执行资料/正式脚本_反馈合并版/26_新能源运营服务/q5_c.txt,26_新能源运营服务_Q5_C.mp4,videos/final/26_新能源运营服务/q5_c.mp4,质检通过,文档/游戏化立案项目视频文案题库_反馈合并版.md,女1_婉玟-商务,1.0,videos/final/26_新能源运营服务/q5_c.mp4,videos/deliverable/26_新能源运营服务/q5_c.mp4,39.87,h264,aac,1080x1920,按正式脚本生成；语速1.0；已叠加广仲logo。
27,能源交易节能,1,您主张双方存在能源交易节能服务关系，请问双方是否形成了相应的合同或合作文件？,没有书面或电子合同，仅能说明曾有口头约定，电量结算和收益分配均无可核验依据。,执行资料/正式脚本_反馈合并版/27_能源交易节能/q1_c.txt,27_能源交易节能_Q1_C.mp4,videos/final/27_能源交易节能/q1_c.mp4,质检通过,文档/游戏化立案项目视频文案题库_反馈合并版.md,男2_王浩-正式,1.0,videos/final/27_能源交易节能/q1_c.mp4,videos/deliverable/27_能源交易节能/q1_c.mp4,43.75,h264,aac,1080x1920,按正式脚本生成；语速1.0；已叠加广仲logo。
27,能源交易节能,2,双方对能源交易节能的关键条款是否约定清楚？,未约定收益分成计算方式、节能效果认定标准或结算条件，双方对核心权利义务均无明确书面约定。,执行资料/正式脚本_反馈合并版/27_能源交易节能/q2_c.txt,27_能源交易节能_Q2_C.mp4,videos/final/27_能源交易节能/q2_c.mp4,质检通过,文档/游戏化立案项目视频文案题库_反馈合并版.md,男2_王浩-正式,1.0,videos/final/27_能源交易节能/q2_c.mp4,videos/deliverable/27_能源交易节能/q2_c.mp4,45.56,h264,aac,1080x1920,按正式脚本生成；语速1.0；已叠加广仲logo。
27,能源交易节能,3,合同签订后，节能服务或能源交易方案是否实际落地执行？,合同签订后服务方未实际开展任何节能服务或能源交易工作，项目从未启动。,执行资料/正式脚本_反馈合并版/27_能源交易节能/q3_c.txt,27_能源交易节能_Q3_C.mp4,videos/final/27_能源交易节能/q3_c.mp4,质检通过,文档/游戏化立案项目视频文案题库_反馈合并版.md,男2_王浩-正式,1.0,videos/final/27_能源交易节能/q3_c.mp4,videos/deliverable/27_能源交易节能/q3_c.mp4,42.20,h264,aac,1080x1920,按正式脚本生成；语速1.0；已叠加广仲logo。
27,能源交易节能,4,您主张对方构成违约，具体违约事实是什么？,无法明确指出对方违反了哪项具体约定，主要是对节能效果或分成金额有异议。,执行资料/正式脚本_反馈合并版/27_能源交易节能/q4_c.txt,27_能源交易节能_Q4_C.mp4,videos/final/27_能源交易节能/q4_c.mp4,质检通过,文档/游戏化立案项目视频文案题库_反馈合并版.md,男2_王浩-正式,1.0,videos/final/27_能源交易节能/q4_c.mp4,videos/deliverable/27_能源交易节能/q4_c.mp4,40.80,h264,aac,1080x1920,按正式脚本生成；语速1.0；已叠加广仲logo。
27,能源交易节能,5,关于您主张的收益或欠付金额，是否有清晰的计算依据和证据支撑？,缺少电量数据或节能检测结果，收益金额主要来自单方估算，难以核实。,执行资料/正式脚本_反馈合并版/27_能源交易节能/q5_c.txt,27_能源交易节能_Q5_C.mp4,videos/final/27_能源交易节能/q5_c.mp4,质检通过,文档/游戏化立案项目视频文案题库_反馈合并版.md,男2_王浩-正式,1.0,videos/final/27_能源交易节能/q5_c.mp4,videos/deliverable/27_能源交易节能/q5_c.mp4,40.96,h264,aac,1080x1920,按正式脚本生成；语速1.0；已叠加广仲logo。
28,教育机构合作,1,您主张双方存在教育机构合作关系，请问双方是否形成了相应的合同或合作文件？,没有书面或电子合同，仅能说明曾有口头约定，合作分工和分成比例均无可核验依据。,执行资料/正式脚本_反馈合并版/28_教育机构合作/q1_c.txt,28_教育机构合作_Q1_C.mp4,videos/final/28_教育机构合作/q1_c.mp4,质检通过,文档/游戏化立案项目视频文案题库_反馈合并版.md,女2_雅瑛-知性,1.0,videos/final/28_教育机构合作/q1_c.mp4,videos/deliverable/28_教育机构合作/q1_c.mp4,39.87,h264,aac,1080x1920,按正式脚本生成；语速1.0；已叠加广仲logo。
28,教育机构合作,2,双方对教育机构合作的关键条款是否约定清楚？,未约定合作分工、代垫费用范围或分成计算方式，双方对合作核心权利义务均无明确书面约定。,执行资料/正式脚本_反馈合并版/28_教育机构合作/q2_c.txt,28_教育机构合作_Q2_C.mp4,videos/final/28_教育机构合作/q2_c.mp4,质检通过,文档/游戏化立案项目视频文案题库_反馈合并版.md,女2_雅瑛-知性,1.0,videos/final/28_教育机构合作/q2_c.mp4,videos/deliverable/28_教育机构合作/q2_c.mp4,43.96,h264,aac,1080x1920,按正式脚本生成；语速1.0；已叠加广仲logo。
28,教育机构合作,3,合同签订后，双方合作项目（课程共建/渠道合作/联合招生等）是否实际启动？,合同签订后双方合作项目从未实际启动，无任何可查证的合作行为。,执行资料/正式脚本_反馈合并版/28_教育机构合作/q3_c.txt,28_教育机构合作_Q3_C.mp4,videos/final/28_教育机构合作/q3_c.mp4,质检通过,文档/游戏化立案项目视频文案题库_反馈合并版.md,女2_雅瑛-知性,1.0,videos/final/28_教育机构合作/q3_c.mp4,videos/deliverable/28_教育机构合作/q3_c.mp4,39.55,h264,aac,1080x1920,按正式脚本生成；语速1.0；已叠加广仲logo。
28,教育机构合作,4,您主张对方构成违约，具体违约事实是什么？,无法明确指出对方违反了哪项具体约定，主要是对合作效益或分成结果不满意。,执行资料/正式脚本_反馈合并版/28_教育机构合作/q4_c.txt,28_教育机构合作_Q4_C.mp4,videos/final/28_教育机构合作/q4_c.mp4,质检通过,文档/游戏化立案项目视频文案题库_反馈合并版.md,女2_雅瑛-知性,1.0,videos/final/28_教育机构合作/q4_c.mp4,videos/deliverable/28_教育机构合作/q4_c.mp4,40.51,h264,aac,1080x1920,按正式脚本生成；语速1.0；已叠加广仲logo。
28,教育机构合作,5,关于您主张的代垫费用或分成金额，是否有清晰的计算依据和证据支撑？,缺少代垫凭证或结算记录，金额主要来自单方统计，难以核实应付款项。,执行资料/正式脚本_反馈合并版/28_教育机构合作/q5_c.txt,28_教育机构合作_Q5_C.mp4,videos/final/28_教育机构合作/q5_c.mp4,质检通过,文档/游戏化立案项目视频文案题库_反馈合并版.md,女2_雅瑛-知性,1.0,videos/final/28_教育机构合作/q5_c.mp4,videos/deliverable/28_教育机构合作/q5_c.mp4,40.15,h264,aac,1080x1920,按正式脚本生成；语速1.0；已叠加广仲logo。
29,演艺活动服务,1,您主张双方存在演艺活动服务关系，请问双方是否形成了相应的合同或合作文件？,没有书面或电子合同，仅能说明曾有口头约定，演出内容和报酬均无可核验依据。,执行资料/正式脚本_反馈合并版/29_演艺活动服务/q1_c.txt,29_演艺活动服务_Q1_C.mp4,videos/final/29_演艺活动服务/q1_c.mp4,质检通过,文档/游戏化立案项目视频文案题库_反馈合并版.md,男1_浩南-商务,1.0,videos/final/29_演艺活动服务/q1_c.mp4,videos/deliverable/29_演艺活动服务/q1_c.mp4,39.00,h264,aac,1080x1920,按正式脚本生成；语速1.0；已叠加广仲logo。
29,演艺活动服务,2,双方对演艺活动服务的关键条款是否约定清楚？,未约定报批责任、取消补偿或违约金条款，双方对演出核心权利义务均无明确书面约定。,执行资料/正式脚本_反馈合并版/29_演艺活动服务/q2_c.txt,29_演艺活动服务_Q2_C.mp4,videos/final/29_演艺活动服务/q2_c.mp4,质检通过,文档/游戏化立案项目视频文案题库_反馈合并版.md,男1_浩南-商务,1.0,videos/final/29_演艺活动服务/q2_c.mp4,videos/deliverable/29_演艺活动服务/q2_c.mp4,39.87,h264,aac,1080x1920,按正式脚本生成；语速1.0；已叠加广仲logo。
29,演艺活动服务,3,合同签订后，演出/活动是否实际进入执行阶段（排练/搭台/演出）？,合同签订后服务方未实际开展任何排练或筹备工作，演出/活动从未启动。,执行资料/正式脚本_反馈合并版/29_演艺活动服务/q3_c.txt,29_演艺活动服务_Q3_C.mp4,videos/final/29_演艺活动服务/q3_c.mp4,质检通过,文档/游戏化立案项目视频文案题库_反馈合并版.md,男1_浩南-商务,1.0,videos/final/29_演艺活动服务/q3_c.mp4,videos/deliverable/29_演艺活动服务/q3_c.mp4,37.03,h264,aac,1080x1920,按正式脚本生成；语速1.0；已叠加广仲logo。
29,演艺活动服务,4,您主张对方构成违约，具体违约事实是什么？,无法明确指出对方违反了哪项具体约定，主要是对演出效果或节目质量不满意。,执行资料/正式脚本_反馈合并版/29_演艺活动服务/q4_c.txt,29_演艺活动服务_Q4_C.mp4,videos/final/29_演艺活动服务/q4_c.mp4,质检通过,文档/游戏化立案项目视频文案题库_反馈合并版.md,男1_浩南-商务,1.0,videos/final/29_演艺活动服务/q4_c.mp4,videos/deliverable/29_演艺活动服务/q4_c.mp4,35.75,h264,aac,1080x1920,按正式脚本生成；语速1.0；已叠加广仲logo。
29,演艺活动服务,5,关于您主张的报酬或损失金额，是否有清晰的计算依据和证据支撑？,缺少关键证据，金额主要来自单方估算，难以证明具体损失或应付报酬。,执行资料/正式脚本_反馈合并版/29_演艺活动服务/q5_c.txt,29_演艺活动服务_Q5_C.mp4,videos/final/29_演艺活动服务/q5_c.mp4,质检通过,文档/游戏化立案项目视频文案题库_反馈合并版.md,男1_浩南-商务,1.0,videos/final/29_演艺活动服务/q5_c.mp4,videos/deliverable/29_演艺活动服务/q5_c.mp4,38.27,h264,aac,1080x1920,按正式脚本生成；语速1.0；已叠加广仲logo。
30,设备运维服务,1,您主张双方存在设备运维服务关系，请问双方是否形成了相应的合同或合作文件？,没有书面或电子合同，仅能说明曾有口头约定，运维范围和费用均无可核验依据。,执行资料/正式脚本_反馈合并版/30_设备运维服务/q1_c.txt,30_设备运维服务_Q1_C.mp4,videos/final/30_设备运维服务/q1_c.mp4,质检通过,文档/游戏化立案项目视频文案题库_反馈合并版.md,女1_婉玟-商务,1.0,videos/final/30_设备运维服务/q1_c.mp4,videos/deliverable/30_设备运维服务/q1_c.mp4,38.59,h264,aac,1080x1920,按正式脚本生成；语速1.0；已叠加广仲logo。
30,设备运维服务,2,双方对设备运维服务的关键条款是否约定清楚？,未约定运维范围、响应标准或损失赔偿条款，双方对运维核心权利义务均无明确书面约定。,执行资料/正式脚本_反馈合并版/30_设备运维服务/q2_c.txt,30_设备运维服务_Q2_C.mp4,videos/final/30_设备运维服务/q2_c.mp4,质检通过,文档/游戏化立案项目视频文案题库_反馈合并版.md,女1_婉玟-商务,1.0,videos/final/30_设备运维服务/q2_c.mp4,videos/deliverable/30_设备运维服务/q2_c.mp4,47.19,h264,aac,1080x1920,按正式脚本生成；语速1.0；已叠加广仲logo。
30,设备运维服务,3,合同签订后，运维服务是否实际开始执行（巡检/维修/保养）？,合同签订后运维方从未实际进场或开展任何运维工作，设备处于无人维护状态。,执行资料/正式脚本_反馈合并版/30_设备运维服务/q3_c.txt,30_设备运维服务_Q3_C.mp4,videos/final/30_设备运维服务/q3_c.mp4,质检通过,文档/游戏化立案项目视频文案题库_反馈合并版.md,女1_婉玟-商务,1.0,videos/final/30_设备运维服务/q3_c.mp4,videos/deliverable/30_设备运维服务/q3_c.mp4,45.55,h264,aac,1080x1920,按正式脚本生成；语速1.0；已叠加广仲logo。
30,设备运维服务,4,您主张对方构成违约，具体违约事实是什么？,无法明确指出对方违反了哪项具体约定，主要是对运维服务效果或响应速度不满意。,执行资料/正式脚本_反馈合并版/30_设备运维服务/q4_c.txt,30_设备运维服务_Q4_C.mp4,videos/final/30_设备运维服务/q4_c.mp4,质检通过,文档/游戏化立案项目视频文案题库_反馈合并版.md,女1_婉玟-商务,1.0,videos/final/30_设备运维服务/q4_c.mp4,videos/deliverable/30_设备运维服务/q4_c.mp4,43.00,h264,aac,1080x1920,按正式脚本生成；语速1.0；已叠加广仲logo。
30,设备运维服务,5,关于您主张的服务费或停机损失金额，是否有清晰的计算依据和证据支撑？,缺少运维记录或损失凭证，金额主要来自单方估算，难以核实应付费用或具体损失。,执行资料/正式脚本_反馈合并版/30_设备运维服务/q5_c.txt,30_设备运维服务_Q5_C.mp4,videos/final/30_设备运维服务/q5_c.mp4,质检通过,文档/游戏化立案项目视频文案题库_反馈合并版.md,女1_婉玟-商务,1.0,videos/final/30_设备运维服务/q5_c.mp4,videos/deliverable/30_设备运维服务/q5_c.mp4,42.96,h264,aac,1080x1920,按正式脚本生成；语速1.0；已叠加广仲logo。
31,环保处理服务,1,您主张双方存在环保处理服务关系，请问双方是否形成了相应的合同或合作文件？,没有书面或电子合同，仅能说明曾有口头约定，处置内容和费用均无可核验依据。,执行资料/正式脚本_反馈合并版/31_环保处理服务/q1_c.txt,31_环保处理服务_Q1_C.mp4,videos/final/31_环保处理服务/q1_c.mp4,质检通过,文档/游戏化立案项目视频文案题库_反馈合并版.md,男2_王浩-正式,1.0,videos/final/31_环保处理服务/q1_c.mp4,videos/deliverable/31_环保处理服务/q1_c.mp4,38.60,h264,aac,1080x1920,按正式脚本生成；语速1.0；已叠加广仲logo。
31,环保处理服务,2,双方对环保处理服务的关键条款是否约定清楚？,未约定处置标准、合规要求或验收条件，双方对处置核心权利义务均无明确书面约定。,执行资料/正式脚本_反馈合并版/31_环保处理服务/q2_c.txt,31_环保处理服务_Q2_C.mp4,videos/final/31_环保处理服务/q2_c.mp4,质检通过,文档/游戏化立案项目视频文案题库_反馈合并版.md,男2_王浩-正式,1.0,videos/final/31_环保处理服务/q2_c.mp4,videos/deliverable/31_环保处理服务/q2_c.mp4,40.88,h264,aac,1080x1920,按正式脚本生成；语速1.0；已叠加广仲logo。
31,环保处理服务,3,合同签订后，环保处理服务（废弃物处置/污水处理/环评等）是否实际启动？,合同签订后服务方未实际开展任何环保处理工作，处理项目从未启动。,执行资料/正式脚本_反馈合并版/31_环保处理服务/q3_c.txt,31_环保处理服务_Q3_C.mp4,videos/final/31_环保处理服务/q3_c.mp4,质检通过,文档/游戏化立案项目视频文案题库_反馈合并版.md,男2_王浩-正式,1.0,videos/final/31_环保处理服务/q3_c.mp4,videos/deliverable/31_环保处理服务/q3_c.mp4,37.44,h264,aac,1080x1920,按正式脚本生成；语速1.0；已叠加广仲logo。
31,环保处理服务,4,您主张对方构成违约，具体违约事实是什么？,无法明确指出对方违反了哪项具体约定，主要是对处置效果或费用标准有异议。,执行资料/正式脚本_反馈合并版/31_环保处理服务/q4_c.txt,31_环保处理服务_Q4_C.mp4,videos/final/31_环保处理服务/q4_c.mp4,质检通过,文档/游戏化立案项目视频文案题库_反馈合并版.md,男2_王浩-正式,1.0,videos/final/31_环保处理服务/q4_c.mp4,videos/deliverable/31_环保处理服务/q4_c.mp4,37.50,h264,aac,1080x1920,按正式脚本生成；语速1.0；已叠加广仲logo。
31,环保处理服务,5,关于您主张的服务费或损失金额，是否有清晰的计算依据和证据支撑？,缺少处置记录或资质证明，费用或损失金额主要来自单方主张，难以核实。,执行资料/正式脚本_反馈合并版/31_环保处理服务/q5_c.txt,31_环保处理服务_Q5_C.mp4,videos/final/31_环保处理服务/q5_c.mp4,质检通过,文档/游戏化立案项目视频文案题库_反馈合并版.md,男2_王浩-正式,1.0,videos/final/31_环保处理服务/q5_c.mp4,videos/deliverable/31_环保处理服务/q5_c.mp4,38.16,h264,aac,1080x1920,按正式脚本生成；语速1.0；已叠加广仲logo。
32,人力资源服务,1,您主张双方存在人力资源服务关系，请问双方是否形成了相应的合同或合作文件？,没有书面或电子合同，仅能说明曾有口头约定，服务内容和费用均无可核验依据。,执行资料/正式脚本_反馈合并版/32_人力资源服务/q1_c.txt,32_人力资源服务_Q1_C.mp4,videos/final/32_人力资源服务/q1_c.mp4,质检通过,文档/游戏化立案项目视频文案题库_反馈合并版.md,女2_雅瑛-知性,1.0,videos/final/32_人力资源服务/q1_c.mp4,videos/deliverable/32_人力资源服务/q1_c.mp4,39.55,h264,aac,1080x1920,按正式脚本生成；语速1.0；已叠加广仲logo。
32,人力资源服务,2,双方对人力资源服务的关键条款是否约定清楚？,未约定服务完成标准、退款条件，双方对服务核心权利义务均无明确书面约定。,执行资料/正式脚本_反馈合并版/32_人力资源服务/q2_c.txt,32_人力资源服务_Q2_C.mp4,videos/final/32_人力资源服务/q2_c.mp4,质检通过,文档/游戏化立案项目视频文案题库_反馈合并版.md,女2_雅瑛-知性,1.0,videos/final/32_人力资源服务/q2_c.mp4,videos/deliverable/32_人力资源服务/q2_c.mp4,40.28,h264,aac,1080x1920,按正式脚本生成；语速1.0；已叠加广仲logo。
32,人力资源服务,3,合同签订后，招聘/派遣/外包等人力资源服务是否实际开始执行？,合同签订后服务方未实际开展任何招聘或派遣工作，服务从未启动。,执行资料/正式脚本_反馈合并版/32_人力资源服务/q3_c.txt,32_人力资源服务_Q3_C.mp4,videos/final/32_人力资源服务/q3_c.mp4,质检通过,文档/游戏化立案项目视频文案题库_反馈合并版.md,女2_雅瑛-知性,1.0,videos/final/32_人力资源服务/q3_c.mp4,videos/deliverable/32_人力资源服务/q3_c.mp4,37.67,h264,aac,1080x1920,按正式脚本生成；语速1.0；已叠加广仲logo。
32,人力资源服务,4,您主张对方构成违约，具体违约事实是什么？,无法明确指出对方违反了哪项具体约定，主要是对引介效果或服务质量不满意。,执行资料/正式脚本_反馈合并版/32_人力资源服务/q4_c.txt,32_人力资源服务_Q4_C.mp4,videos/final/32_人力资源服务/q4_c.mp4,质检通过,文档/游戏化立案项目视频文案题库_反馈合并版.md,女2_雅瑛-知性,1.0,videos/final/32_人力资源服务/q4_c.mp4,videos/deliverable/32_人力资源服务/q4_c.mp4,36.63,h264,aac,1080x1920,按正式脚本生成；语速1.0；已叠加广仲logo。
32,人力资源服务,5,关于您主张的服务费退还或损失金额，是否有清晰的计算依据和证据支撑？,缺少服务完成证明，费用金额主要来自单方主张，难以核实应付或应退金额。,执行资料/正式脚本_反馈合并版/32_人力资源服务/q5_c.txt,32_人力资源服务_Q5_C.mp4,videos/final/32_人力资源服务/q5_c.mp4,质检通过,文档/游戏化立案项目视频文案题库_反馈合并版.md,女2_雅瑛-知性,1.0,videos/final/32_人力资源服务/q5_c.mp4,videos/deliverable/32_人力资源服务/q5_c.mp4,39.55,h264,aac,1080x1920,按正式脚本生成；语速1.0；已叠加广仲logo。
33,财税顾问服务,1,您主张双方存在财税顾问服务关系，请问双方是否形成了相应的合同或合作文件？,没有书面或电子合同，仅能说明曾有口头约定，服务内容和费用均无可核验依据。,执行资料/正式脚本_反馈合并版/33_财税顾问服务/q1_c.txt,33_财税顾问服务_Q1_C.mp4,videos/final/33_财税顾问服务/q1_c.mp4,质检通过,文档/游戏化立案项目视频文案题库_反馈合并版.md,男1_浩南-商务,1.0,videos/final/33_财税顾问服务/q1_c.mp4,videos/deliverable/33_财税顾问服务/q1_c.mp4,43.67,h264,aac,1080x1920,按正式脚本生成；语速1.0；已叠加广仲logo。
33,财税顾问服务,2,双方对财税顾问服务的关键条款是否约定清楚？,未约定服务具体内容、成果标准或费用支付条件，双方对顾问服务核心权利义务均无明确书面约定。,执行资料/正式脚本_反馈合并版/33_财税顾问服务/q2_c.txt,33_财税顾问服务_Q2_C.mp4,videos/final/33_财税顾问服务/q2_c.mp4,质检通过,文档/游戏化立案项目视频文案题库_反馈合并版.md,男1_浩南-商务,1.0,videos/final/33_财税顾问服务/q2_c.mp4,videos/deliverable/33_财税顾问服务/q2_c.mp4,45.91,h264,aac,1080x1920,按正式脚本生成；语速1.0；已叠加广仲logo。
33,财税顾问服务,3,合同签订后，财税顾问服务是否实际开始提供（记账/报税/顾问咨询等）？,合同签订后服务方未实际开展任何财税服务工作，账务从未接手或处理。,执行资料/正式脚本_反馈合并版/33_财税顾问服务/q3_c.txt,33_财税顾问服务_Q3_C.mp4,videos/final/33_财税顾问服务/q3_c.mp4,质检通过,文档/游戏化立案项目视频文案题库_反馈合并版.md,男1_浩南-商务,1.0,videos/final/33_财税顾问服务/q3_c.mp4,videos/deliverable/33_财税顾问服务/q3_c.mp4,43.86,h264,aac,1080x1920,按正式脚本生成；语速1.0；已叠加广仲logo。
33,财税顾问服务,4,您主张对方构成违约，具体违约事实是什么？,无法明确指出对方违反了哪项具体约定，主要是对顾问建议效果或节税成果不满意。,执行资料/正式脚本_反馈合并版/33_财税顾问服务/q4_c.txt,33_财税顾问服务_Q4_C.mp4,videos/final/33_财税顾问服务/q4_c.mp4,质检通过,文档/游戏化立案项目视频文案题库_反馈合并版.md,男1_浩南-商务,1.0,videos/final/33_财税顾问服务/q4_c.mp4,videos/deliverable/33_财税顾问服务/q4_c.mp4,42.35,h264,aac,1080x1920,按正式脚本生成；语速1.0；已叠加广仲logo。
33,财税顾问服务,5,关于您主张的顾问费退还或损失金额，是否有清晰的计算依据和证据支撑？,缺少服务成果文件或损失证明，金额主要来自单方主张，难以核实应退费用或具体损失。,执行资料/正式脚本_反馈合并版/33_财税顾问服务/q5_c.txt,33_财税顾问服务_Q5_C.mp4,videos/final/33_财税顾问服务/q5_c.mp4,质检通过,文档/游戏化立案项目视频文案题库_反馈合并版.md,男1_浩南-商务,1.0,videos/final/33_财税顾问服务/q5_c.mp4,videos/deliverable/33_财税顾问服务/q5_c.mp4,42.15,h264,aac,1080x1920,按正式脚本生成；语速1.0；已叠加广仲logo。
34,和解协议履行,1,您主张双方存在和解协议关系，请问双方是否形成了相应的和解协议或调解文件？,没有任何书面或电子和解协议，仅能说明曾有口头和解意向，具体履行内容无可核验依据。,执行资料/正式脚本_反馈合并版/34_和解协议履行/q1_c.txt,34_和解协议履行_Q1_C.mp4,videos/final/34_和解协议履行/q1_c.mp4,质检通过,文档/游戏化立案项目视频文案题库_反馈合并版.md,女1_婉玟-商务,1.0,videos/final/34_和解协议履行/q1_c.mp4,videos/deliverable/34_和解协议履行/q1_c.mp4,40.43,h264,aac,1080x1920,按正式脚本生成；语速1.0；已叠加广仲logo。
34,和解协议履行,2,和解协议中的履行条款是否约定清楚？,未约定履行期限、违约后果或和解范围，双方对协议核心履行义务均无明确书面约定。,执行资料/正式脚本_反馈合并版/34_和解协议履行/q2_c.txt,34_和解协议履行_Q2_C.mp4,videos/final/34_和解协议履行/q2_c.mp4,质检通过,文档/游戏化立案项目视频文案题库_反馈合并版.md,女1_婉玟-商务,1.0,videos/final/34_和解协议履行/q2_c.mp4,videos/deliverable/34_和解协议履行/q2_c.mp4,43.86,h264,aac,1080x1920,按正式脚本生成；语速1.0；已叠加广仲logo。
34,和解协议履行,3,和解协议签署后，双方是否按约开始履行和解义务？,和解协议签署后义务方从未实际履行任何约定义务，协议始终处于未执行状态。,执行资料/正式脚本_反馈合并版/34_和解协议履行/q3_c.txt,34_和解协议履行_Q3_C.mp4,videos/final/34_和解协议履行/q3_c.mp4,质检通过,文档/游戏化立案项目视频文案题库_反馈合并版.md,女1_婉玟-商务,1.0,videos/final/34_和解协议履行/q3_c.mp4,videos/deliverable/34_和解协议履行/q3_c.mp4,41.07,h264,aac,1080x1920,按正式脚本生成；语速1.0；已叠加广仲logo。
34,和解协议履行,4,您主张对方违反和解协议，具体违约事实是什么？,无法明确指出对方违反了和解协议的哪项具体约定，主要是对和解金额的合理性有异议。,执行资料/正式脚本_反馈合并版/34_和解协议履行/q4_c.txt,34_和解协议履行_Q4_C.mp4,videos/final/34_和解协议履行/q4_c.mp4,质检通过,文档/游戏化立案项目视频文案题库_反馈合并版.md,女1_婉玟-商务,1.0,videos/final/34_和解协议履行/q4_c.mp4,videos/deliverable/34_和解协议履行/q4_c.mp4,41.56,h264,aac,1080x1920,按正式脚本生成；语速1.0；已叠加广仲logo。
34,和解协议履行,5,关于您主张的和解款项金额，是否有清晰的计算依据和证据支撑？,缺少和解协议文本或付款记录，和解金额主要来自单方主张，难以核实应付款项。,执行资料/正式脚本_反馈合并版/34_和解协议履行/q5_c.txt,34_和解协议履行_Q5_C.mp4,videos/final/34_和解协议履行/q5_c.mp4,质检通过,文档/游戏化立案项目视频文案题库_反馈合并版.md,女1_婉玟-商务,1.0,videos/final/34_和解协议履行/q5_c.mp4,videos/deliverable/34_和解协议履行/q5_c.mp4,41.47,h264,aac,1080x1920,按正式脚本生成；语速1.0；已叠加广仲logo。
35,贷款居间服务,1,您主张双方存在贷款居间服务关系，请问双方是否形成了相应的合同或合作文件？,没有书面或电子合同，仅能说明曾有口头约定，服务内容和费用均无可核验依据。,执行资料/正式脚本_反馈合并版/35_贷款居间服务/q1_c.txt,35_贷款居间服务_Q1_C.mp4,videos/final/35_贷款居间服务/q1_c.mp4,质检通过,文档/游戏化立案项目视频文案题库_反馈合并版.md,男2_王浩-正式,1.0,videos/final/35_贷款居间服务/q1_c.mp4,videos/deliverable/35_贷款居间服务/q1_c.mp4,37.72,h264,aac,1080x1920,按正式脚本生成；语速1.0；已叠加广仲logo。
35,贷款居间服务,2,双方对贷款居间服务的关键条款是否约定清楚？,未约定服务费收取条件、退款条件或服务范围，双方对居间核心权利义务均无明确书面约定。,执行资料/正式脚本_反馈合并版/35_贷款居间服务/q2_c.txt,35_贷款居间服务_Q2_C.mp4,videos/final/35_贷款居间服务/q2_c.mp4,质检通过,文档/游戏化立案项目视频文案题库_反馈合并版.md,男2_王浩-正式,1.0,videos/final/35_贷款居间服务/q2_c.mp4,videos/deliverable/35_贷款居间服务/q2_c.mp4,38.72,h264,aac,1080x1920,按正式脚本生成；语速1.0；已叠加广仲logo。
35,贷款居间服务,3,合同签订后，居间方是否实际开展了贷款撮合工作？,合同签订后居间方从未实际开展任何贷款撮合工作，无任何可查证的居间行为。,执行资料/正式脚本_反馈合并版/35_贷款居间服务/q3_c.txt,35_贷款居间服务_Q3_C.mp4,videos/final/35_贷款居间服务/q3_c.mp4,质检通过,文档/游戏化立案项目视频文案题库_反馈合并版.md,男2_王浩-正式,1.0,videos/final/35_贷款居间服务/q3_c.mp4,videos/deliverable/35_贷款居间服务/q3_c.mp4,36.68,h264,aac,1080x1920,按正式脚本生成；语速1.0；已叠加广仲logo。
35,贷款居间服务,4,您主张对方构成违约，具体违约事实是什么？,无法明确指出对方违反了哪项具体约定，主要是对居间服务效果或收费标准有异议。,执行资料/正式脚本_反馈合并版/35_贷款居间服务/q4_c.txt,35_贷款居间服务_Q4_C.mp4,videos/final/35_贷款居间服务/q4_c.mp4,质检通过,文档/游戏化立案项目视频文案题库_反馈合并版.md,男2_王浩-正式,1.0,videos/final/35_贷款居间服务/q4_c.mp4,videos/deliverable/35_贷款居间服务/q4_c.mp4,35.07,h264,aac,1080x1920,按正式脚本生成；语速1.0；已叠加广仲logo。
35,贷款居间服务,5,关于您主张的服务费退还金额，是否有清晰的计算依据和证据支撑？,缺少关键证据，退款金额主要来自单方主张，难以核实应退金额。,执行资料/正式脚本_反馈合并版/35_贷款居间服务/q5_c.txt,35_贷款居间服务_Q5_C.mp4,videos/final/35_贷款居间服务/q5_c.mp4,质检通过,文档/游戏化立案项目视频文案题库_反馈合并版.md,男2_王浩-正式,1.0,videos/final/35_贷款居间服务/q5_c.mp4,videos/deliverable/35_贷款居间服务/q5_c.mp4,36.72,h264,aac,1080x1920,按正式脚本生成；语速1.0；已叠加广仲logo。
36,商品买卖,1,您主张双方存在商品买卖关系，请问双方是否形成了相应的合同或交易文件？,没有书面或电子合同，仅能说明曾有口头商谈，商品规格、价格和数量均无可核验依据。,执行资料/正式脚本_反馈合并版/36_商品买卖/q1_c.txt,36_商品买卖_Q1_C.mp4,videos/final/36_商品买卖/q1_c.mp4,质检通过,文档/游戏化立案项目视频文案题库_反馈合并版.md,女2_雅瑛-知性,1.0,videos/final/36_商品买卖/q1_c.mp4,videos/deliverable/36_商品买卖/q1_c.mp4,41.56,h264,aac,1080x1920,按正式脚本生成；语速1.0；已叠加广仲logo。
36,商品买卖,2,双方对商品买卖的关键条款是否约定清楚？,未约定商品规格、验收标准或货款支付条件，双方对买卖核心权利义务均无明确书面约定。,执行资料/正式脚本_反馈合并版/36_商品买卖/q2_c.txt,36_商品买卖_Q2_C.mp4,videos/final/36_商品买卖/q2_c.mp4,质检通过,文档/游戏化立案项目视频文案题库_反馈合并版.md,女2_雅瑛-知性,1.0,videos/final/36_商品买卖/q2_c.mp4,videos/deliverable/36_商品买卖/q2_c.mp4,46.08,h264,aac,1080x1920,按正式脚本生成；语速1.0；已叠加广仲logo。
36,商品买卖,3,合同签订后，商品发货/交付情况如何？,合同签订后卖方未实际发货，商品从未交付到买方。,执行资料/正式脚本_反馈合并版/36_商品买卖/q3_c.txt,36_商品买卖_Q3_C.mp4,videos/final/36_商品买卖/q3_c.mp4,质检通过,文档/游戏化立案项目视频文案题库_反馈合并版.md,女2_雅瑛-知性,1.0,videos/final/36_商品买卖/q3_c.mp4,videos/deliverable/36_商品买卖/q3_c.mp4,43.07,h264,aac,1080x1920,按正式脚本生成；语速1.0；已叠加广仲logo。
36,商品买卖,4,您主张对方构成违约，具体违约事实是什么？,无法明确指出对方违反了哪项具体约定，主要是对商品价格或结算金额有异议。,执行资料/正式脚本_反馈合并版/36_商品买卖/q4_c.txt,36_商品买卖_Q4_C.mp4,videos/final/36_商品买卖/q4_c.mp4,质检通过,文档/游戏化立案项目视频文案题库_反馈合并版.md,女2_雅瑛-知性,1.0,videos/final/36_商品买卖/q4_c.mp4,videos/deliverable/36_商品买卖/q4_c.mp4,42.90,h264,aac,1080x1920,按正式脚本生成；语速1.0；已叠加广仲logo。
36,商品买卖,5,关于您主张的货款或损失金额，是否有清晰的计算依据和证据支撑？,缺少签收或对账凭证，货款金额主要来自单方统计，难以核实已交付数量和应付总额。,执行资料/正式脚本_反馈合并版/36_商品买卖/q5_c.txt,36_商品买卖_Q5_C.mp4,videos/final/36_商品买卖/q5_c.mp4,质检通过,文档/游戏化立案项目视频文案题库_反馈合并版.md,女2_雅瑛-知性,1.0,videos/final/36_商品买卖/q5_c.mp4,videos/deliverable/36_商品买卖/q5_c.mp4,42.88,h264,aac,1080x1920,按正式脚本生成；语速1.0；已叠加广仲logo。
37,设备采购,1,您主张双方存在设备采购关系，请问双方是否形成了相应的合同或交易文件？,没有书面或电子合同，仅能说明曾有口头约定，设备规格和价格均无可核验依据。,执行资料/正式脚本_反馈合并版/37_设备采购/q1_c.txt,37_设备采购_Q1_C.mp4,videos/final/37_设备采购/q1_c.mp4,质检通过,文档/游戏化立案项目视频文案题库_反馈合并版.md,男1_浩南-商务,1.0,videos/final/37_设备采购/q1_c.mp4,videos/deliverable/37_设备采购/q1_c.mp4,37.50,h264,aac,1080x1920,按正式脚本生成；语速1.0；已叠加广仲logo。
37,设备采购,2,双方对设备采购的关键条款是否约定清楚？,未约定技术参数、验收标准或尾款支付条件，双方对设备采购核心权利义务均无明确书面约定。,执行资料/正式脚本_反馈合并版/37_设备采购/q2_c.txt,37_设备采购_Q2_C.mp4,videos/final/37_设备采购/q2_c.mp4,质检通过,文档/游戏化立案项目视频文案题库_反馈合并版.md,男1_浩南-商务,1.0,videos/final/37_设备采购/q2_c.mp4,videos/deliverable/37_设备采购/q2_c.mp4,42.03,h264,aac,1080x1920,按正式脚本生成；语速1.0；已叠加广仲logo。
37,设备采购,3,合同签订后，设备交付/安装情况如何？,合同签订后设备从未交付，始终处于未到货状态。,执行资料/正式脚本_反馈合并版/37_设备采购/q3_c.txt,37_设备采购_Q3_C.mp4,videos/final/37_设备采购/q3_c.mp4,质检通过,文档/游戏化立案项目视频文案题库_反馈合并版.md,男1_浩南-商务,1.0,videos/final/37_设备采购/q3_c.mp4,videos/deliverable/37_设备采购/q3_c.mp4,36.76,h264,aac,1080x1920,按正式脚本生成；语速1.0；已叠加广仲logo。
37,设备采购,4,您主张对方构成违约，具体违约事实是什么？,无法明确指出对方违反了哪项具体约定，主要是对设备性能或尾款金额有异议。,执行资料/正式脚本_反馈合并版/37_设备采购/q4_c.txt,37_设备采购_Q4_C.mp4,videos/final/37_设备采购/q4_c.mp4,质检通过,文档/游戏化立案项目视频文案题库_反馈合并版.md,男1_浩南-商务,1.0,videos/final/37_设备采购/q4_c.mp4,videos/deliverable/37_设备采购/q4_c.mp4,38.14,h264,aac,1080x1920,按正式脚本生成；语速1.0；已叠加广仲logo。
37,设备采购,5,关于您主张的货款或损失金额，是否有清晰的计算依据和证据支撑？,缺少验收记录或技术参数确认文件，款项金额主要来自单方主张，难以核实。,执行资料/正式脚本_反馈合并版/37_设备采购/q5_c.txt,37_设备采购_Q5_C.mp4,videos/final/37_设备采购/q5_c.mp4,质检通过,文档/游戏化立案项目视频文案题库_反馈合并版.md,男1_浩南-商务,1.0,videos/final/37_设备采购/q5_c.mp4,videos/deliverable/37_设备采购/q5_c.mp4,38.68,h264,aac,1080x1920,按正式脚本生成；语速1.0；已叠加广仲logo。
38,商品经销代理,1,您主张双方存在商品经销代理关系，请问双方是否形成了相应的合同或合作文件？,没有书面或电子合同，仅能说明曾有口头约定，经销区域和返利标准均无可核验依据。,执行资料/正式脚本_反馈合并版/38_商品经销代理/q1_c.txt,38_商品经销代理_Q1_C.mp4,videos/final/38_商品经销代理/q1_c.mp4,质检通过,文档/游戏化立案项目视频文案题库_反馈合并版.md,女1_婉玟-商务,1.0,videos/final/38_商品经销代理/q1_c.mp4,videos/deliverable/38_商品经销代理/q1_c.mp4,40.28,h264,aac,1080x1920,按正式脚本生成；语速1.0；已叠加广仲logo。
38,商品经销代理,2,双方对商品经销代理的关键条款是否约定清楚？,未约定经销区域、返利计算方式或保证金退还条件，双方对经销核心权利义务均无明确书面约定。,执行资料/正式脚本_反馈合并版/38_商品经销代理/q2_c.txt,38_商品经销代理_Q2_C.mp4,videos/final/38_商品经销代理/q2_c.mp4,质检通过,文档/游戏化立案项目视频文案题库_反馈合并版.md,女1_婉玟-商务,1.0,videos/final/38_商品经销代理/q2_c.mp4,videos/deliverable/38_商品经销代理/q2_c.mp4,42.20,h264,aac,1080x1920,按正式脚本生成；语速1.0；已叠加广仲logo。
38,商品经销代理,3,合同签订后，经销代理方是否实际开始铺货/销售？,合同签订后经销代理方未实际开展任何进货或销售工作，经销合作从未启动。,执行资料/正式脚本_反馈合并版/38_商品经销代理/q3_c.txt,38_商品经销代理_Q3_C.mp4,videos/final/38_商品经销代理/q3_c.mp4,质检通过,文档/游戏化立案项目视频文案题库_反馈合并版.md,女1_婉玟-商务,1.0,videos/final/38_商品经销代理/q3_c.mp4,videos/deliverable/38_商品经销代理/q3_c.mp4,38.40,h264,aac,1080x1920,按正式脚本生成；语速1.0；已叠加广仲logo。
38,商品经销代理,4,您主张对方构成违约，具体违约事实是什么？,无法明确指出对方违反了哪项具体约定，主要是对返利金额或货款结算有异议。,执行资料/正式脚本_反馈合并版/38_商品经销代理/q4_c.txt,38_商品经销代理_Q4_C.mp4,videos/final/38_商品经销代理/q4_c.mp4,质检通过,文档/游戏化立案项目视频文案题库_反馈合并版.md,女1_婉玟-商务,1.0,videos/final/38_商品经销代理/q4_c.mp4,videos/deliverable/38_商品经销代理/q4_c.mp4,37.12,h264,aac,1080x1920,按正式脚本生成；语速1.0；已叠加广仲logo。
38,商品经销代理,5,关于您主张的货款、返利或保证金金额，是否有清晰的计算依据和证据支撑？,缺少对账记录或返利计算依据，金额主要来自单方统计，难以核实应付款项。,执行资料/正式脚本_反馈合并版/38_商品经销代理/q5_c.txt,38_商品经销代理_Q5_C.mp4,videos/final/38_商品经销代理/q5_c.mp4,质检通过,文档/游戏化立案项目视频文案题库_反馈合并版.md,女1_婉玟-商务,1.0,videos/final/38_商品经销代理/q5_c.mp4,videos/deliverable/38_商品经销代理/q5_c.mp4,40.28,h264,aac,1080x1920,按正式脚本生成；语速1.0；已叠加广仲logo。
39,定作采购,1,您主张双方存在定作采购关系，请问双方是否形成了相应的合同或交易文件？,没有书面或电子合同，仅能说明曾有口头约定，定制规格和价格均无可核验依据。,执行资料/正式脚本_反馈合并版/39_定作采购/q1_c.txt,39_定作采购_Q1_C.mp4,videos/final/39_定作采购/q1_c.mp4,质检通过,文档/游戏化立案项目视频文案题库_反馈合并版.md,男2_王浩-正式,1.0,videos/final/39_定作采购/q1_c.mp4,videos/deliverable/39_定作采购/q1_c.mp4,42.39,h264,aac,1080x1920,按正式脚本生成；语速1.0；已叠加广仲logo。
39,定作采购,2,双方对定作采购的关键条款是否约定清楚？,未约定定制规格图样、验收标准或价款支付条件，双方对定作核心权利义务均无明确书面约定。,执行资料/正式脚本_反馈合并版/39_定作采购/q2_c.txt,39_定作采购_Q2_C.mp4,videos/final/39_定作采购/q2_c.mp4,质检通过,文档/游戏化立案项目视频文案题库_反馈合并版.md,男2_王浩-正式,1.0,videos/final/39_定作采购/q2_c.mp4,videos/deliverable/39_定作采购/q2_c.mp4,43.07,h264,aac,1080x1920,按正式脚本生成；语速1.0；已叠加广仲logo。
39,定作采购,3,合同签订后，定作方是否实际启动了生产/制作工作？,合同签订后定作方未实际启动任何生产工作，产品从未开始制作。,执行资料/正式脚本_反馈合并版/39_定作采购/q3_c.txt,39_定作采购_Q3_C.mp4,videos/final/39_定作采购/q3_c.mp4,质检通过,文档/游戏化立案项目视频文案题库_反馈合并版.md,男2_王浩-正式,1.0,videos/final/39_定作采购/q3_c.mp4,videos/deliverable/39_定作采购/q3_c.mp4,41.64,h264,aac,1080x1920,按正式脚本生成；语速1.0；已叠加广仲logo。
39,定作采购,4,您主张对方构成违约，具体违约事实是什么？,无法明确指出对方违反了哪项具体约定，主要是对定制效果或价款金额有异议。,执行资料/正式脚本_反馈合并版/39_定作采购/q4_c.txt,39_定作采购_Q4_C.mp4,videos/final/39_定作采购/q4_c.mp4,质检通过,文档/游戏化立案项目视频文案题库_反馈合并版.md,男2_王浩-正式,1.0,videos/final/39_定作采购/q4_c.mp4,videos/deliverable/39_定作采购/q4_c.mp4,40.80,h264,aac,1080x1920,按正式脚本生成；语速1.0；已叠加广仲logo。
39,定作采购,5,关于您主张的价款或损失金额，是否有清晰的计算依据和证据支撑？,缺少图样确认记录或验收凭证，价款金额主要来自单方主张，难以核实应付款项。,执行资料/正式脚本_反馈合并版/39_定作采购/q5_c.txt,39_定作采购_Q5_C.mp4,videos/final/39_定作采购/q5_c.mp4,质检通过,文档/游戏化立案项目视频文案题库_反馈合并版.md,男2_王浩-正式,1.0,videos/final/39_定作采购/q5_c.mp4,videos/deliverable/39_定作采购/q5_c.mp4,40.66,h264,aac,1080x1920,按正式脚本生成；语速1.0；已叠加广仲logo。
40,加工承揽,1,您主张双方存在加工承揽关系，请问双方是否形成了相应的合同或交易文件？,没有书面或电子合同，仅能说明曾有口头约定，加工内容和费用均无可核验依据。,执行资料/正式脚本_反馈合并版/40_加工承揽/q1_c.txt,40_加工承揽_Q1_C.mp4,videos/final/40_加工承揽/q1_c.mp4,质检通过,文档/游戏化立案项目视频文案题库_反馈合并版.md,女2_雅瑛-知性,1.0,videos/final/40_加工承揽/q1_c.mp4,videos/deliverable/40_加工承揽/q1_c.mp4,38.40,h264,aac,1080x1920,按正式脚本生成；语速1.0；已叠加广仲logo。
40,加工承揽,2,双方对加工承揽的关键条款是否约定清楚？,未约定加工工艺标准、来料损耗赔偿或加工费支付条件，双方对加工核心权利义务均无明确书面约定。,执行资料/正式脚本_反馈合并版/40_加工承揽/q2_c.txt,40_加工承揽_Q2_C.mp4,videos/final/40_加工承揽/q2_c.mp4,质检通过,文档/游戏化立案项目视频文案题库_反馈合并版.md,女2_雅瑛-知性,1.0,videos/final/40_加工承揽/q2_c.mp4,videos/deliverable/40_加工承揽/q2_c.mp4,45.00,h264,aac,1080x1920,按正式脚本生成；语速1.0；已叠加广仲logo。
40,加工承揽,3,合同签订后，承揽方是否实际开始了加工作业？,合同签订后承揽方未实际开始任何加工作业，加工工作从未启动。,执行资料/正式脚本_反馈合并版/40_加工承揽/q3_c.txt,40_加工承揽_Q3_C.mp4,videos/final/40_加工承揽/q3_c.mp4,质检通过,文档/游戏化立案项目视频文案题库_反馈合并版.md,女2_雅瑛-知性,1.0,videos/final/40_加工承揽/q3_c.mp4,videos/deliverable/40_加工承揽/q3_c.mp4,36.86,h264,aac,1080x1920,按正式脚本生成；语速1.0；已叠加广仲logo。
40,加工承揽,4,您主张对方构成违约，具体违约事实是什么？,无法明确指出对方违反了哪项具体约定，主要是对加工质量或费用金额有异议。,执行资料/正式脚本_反馈合并版/40_加工承揽/q4_c.txt,40_加工承揽_Q4_C.mp4,videos/final/40_加工承揽/q4_c.mp4,质检通过,文档/游戏化立案项目视频文案题库_反馈合并版.md,女2_雅瑛-知性,1.0,videos/final/40_加工承揽/q4_c.mp4,videos/deliverable/40_加工承揽/q4_c.mp4,39.68,h264,aac,1080x1920,按正式脚本生成；语速1.0；已叠加广仲logo。
40,加工承揽,5,关于您主张的加工费或损失金额，是否有清晰的计算依据和证据支撑？,缺少来料记录或加工成果凭证，金额主要来自单方统计，难以核实应付款项。,执行资料/正式脚本_反馈合并版/40_加工承揽/q5_c.txt,40_加工承揽_Q5_C.mp4,videos/final/40_加工承揽/q5_c.mp4,质检通过,文档/游戏化立案项目视频文案题库_反馈合并版.md,女2_雅瑛-知性,1.0,videos/final/40_加工承揽/q5_c.mp4,videos/deliverable/40_加工承揽/q5_c.mp4,40.66,h264,aac,1080x1920,按正式脚本生成；语速1.0；已叠加广仲logo。
41,居间服务,1,您主张双方存在居间服务关系，请问双方是否形成了相应的合同或合作文件？,没有书面或电子合同，仅能说明曾有口头约定，居间报酬条件和金额均无可核验依据。,执行资料/正式脚本_反馈合并版/41_居间服务/q1_c.txt,41_居间服务_Q1_C.mp4,videos/final/41_居间服务/q1_c.mp4,质检通过,文档/游戏化立案项目视频文案题库_反馈合并版.md,男1_浩南-商务,1.0,videos/final/41_居间服务/q1_c.mp4,videos/deliverable/41_居间服务/q1_c.mp4,38.68,h264,aac,1080x1920,按正式脚本生成；语速1.0；已叠加广仲logo。
41,居间服务,2,双方对居间服务的关键条款是否约定清楚？,未约定成交认定标准、居间报酬条件或信息真实性保证，双方对居间核心权利义务均无明确书面约定。,执行资料/正式脚本_反馈合并版/41_居间服务/q2_c.txt,41_居间服务_Q2_C.mp4,videos/final/41_居间服务/q2_c.mp4,质检通过,文档/游戏化立案项目视频文案题库_反馈合并版.md,男1_浩南-商务,1.0,videos/final/41_居间服务/q2_c.mp4,videos/deliverable/41_居间服务/q2_c.mp4,40.60,h264,aac,1080x1920,按正式脚本生成；语速1.0；已叠加广仲logo。
41,居间服务,3,合同签订后，居间方是否实际开展了撮合/介绍工作？,合同签订后居间方从未实际开展任何撮合或介绍工作，无任何可查证的居间行为。,执行资料/正式脚本_反馈合并版/41_居间服务/q3_c.txt,41_居间服务_Q3_C.mp4,videos/final/41_居间服务/q3_c.mp4,质检通过,文档/游戏化立案项目视频文案题库_反馈合并版.md,男1_浩南-商务,1.0,videos/final/41_居间服务/q3_c.mp4,videos/deliverable/41_居间服务/q3_c.mp4,36.63,h264,aac,1080x1920,按正式脚本生成；语速1.0；已叠加广仲logo。
41,居间服务,4,您主张对方构成违约，具体违约事实是什么？,无法明确指出对方违反了哪项具体约定，主要是对居间费金额或分成比例有异议。,执行资料/正式脚本_反馈合并版/41_居间服务/q4_c.txt,41_居间服务_Q4_C.mp4,videos/final/41_居间服务/q4_c.mp4,质检通过,文档/游戏化立案项目视频文案题库_反馈合并版.md,男1_浩南-商务,1.0,videos/final/41_居间服务/q4_c.mp4,videos/deliverable/41_居间服务/q4_c.mp4,35.20,h264,aac,1080x1920,按正式脚本生成；语速1.0；已叠加广仲logo。
41,居间服务,5,关于您主张的居间费金额，是否有清晰的计算依据和证据支撑？,缺少居间撮合过程的证明材料，居间费金额主要来自单方主张，难以证明居间行为与成交的关联。,执行资料/正式脚本_反馈合并版/41_居间服务/q5_c.txt,41_居间服务_Q5_C.mp4,videos/final/41_居间服务/q5_c.mp4,质检通过,文档/游戏化立案项目视频文案题库_反馈合并版.md,男1_浩南-商务,1.0,videos/final/41_居间服务/q5_c.mp4,videos/deliverable/41_居间服务/q5_c.mp4,39.96,h264,aac,1080x1920,按正式脚本生成；语速1.0；已叠加广仲logo。
42,汽车租赁,1,您主张双方存在汽车租赁关系，请问双方是否形成了相应的合同或合作文件？,没有书面或电子合同，仅能说明曾有口头约定，租金标准和租期均无可核验依据。,执行资料/正式脚本_反馈合并版/42_汽车租赁/q1_c.txt,42_汽车租赁_Q1_C.mp4,videos/final/42_汽车租赁/q1_c.mp4,质检通过,文档/游戏化立案项目视频文案题库_反馈合并版.md,女1_婉玟-商务,1.0,videos/final/42_汽车租赁/q1_c.mp4,videos/deliverable/42_汽车租赁/q1_c.mp4,44.63,h264,aac,1080x1920,按正式脚本生成；语速1.0；已叠加广仲logo。
42,汽车租赁,2,双方对汽车租赁的关键条款是否约定清楚？,未约定计费方式、违章责任或损坏赔偿标准，双方对租赁核心权利义务均无明确书面约定。,执行资料/正式脚本_反馈合并版/42_汽车租赁/q2_c.txt,42_汽车租赁_Q2_C.mp4,videos/final/42_汽车租赁/q2_c.mp4,质检通过,文档/游戏化立案项目视频文案题库_反馈合并版.md,女1_婉玟-商务,1.0,videos/final/42_汽车租赁/q2_c.mp4,videos/deliverable/42_汽车租赁/q2_c.mp4,46.72,h264,aac,1080x1920,按正式脚本生成；语速1.0；已叠加广仲logo。
42,汽车租赁,3,合同签订后，车辆是否实际交付承租方使用？,合同签订后车辆从未实际交付，承租方始终未能使用车辆。,执行资料/正式脚本_反馈合并版/42_汽车租赁/q3_c.txt,42_汽车租赁_Q3_C.mp4,videos/final/42_汽车租赁/q3_c.mp4,质检通过,文档/游戏化立案项目视频文案题库_反馈合并版.md,女1_婉玟-商务,1.0,videos/final/42_汽车租赁/q3_c.mp4,videos/deliverable/42_汽车租赁/q3_c.mp4,40.70,h264,aac,1080x1920,按正式脚本生成；语速1.0；已叠加广仲logo。
42,汽车租赁,4,您主张对方构成违约，具体违约事实是什么？,无法明确指出对方违反了哪项具体约定，主要是对租金计算方式或押金扣除项目有异议。,执行资料/正式脚本_反馈合并版/42_汽车租赁/q4_c.txt,42_汽车租赁_Q4_C.mp4,videos/final/42_汽车租赁/q4_c.mp4,质检通过,文档/游戏化立案项目视频文案题库_反馈合并版.md,女1_婉玟-商务,1.0,videos/final/42_汽车租赁/q4_c.mp4,videos/deliverable/42_汽车租赁/q4_c.mp4,44.12,h264,aac,1080x1920,按正式脚本生成；语速1.0；已叠加广仲logo。
42,汽车租赁,5,关于您主张的租金或赔偿金额，是否有清晰的计算依据和证据支撑？,租金或赔偿金额主要来自单方主张，难以核实。,执行资料/正式脚本_反馈合并版/42_汽车租赁/q5_c.txt,42_汽车租赁_Q5_C.mp4,videos/final/42_汽车租赁/q5_c.mp4,质检通过,文档/游戏化立案项目视频文案题库_反馈合并版.md,女1_婉玟-商务,1.0,videos/final/42_汽车租赁/q5_c.mp4,videos/deliverable/42_汽车租赁/q5_c.mp4,38.04,h264,aac,1080x1920,按正式脚本生成；语速1.0；已叠加广仲logo。
